,number_of_firms,beta,cost_of_equity,ede,std_dev_in_stock,cost_of_debt,tax_rate,aftertax_cost_of_debt,dde,cost_of_capital,cost_of_capital_local_currency,average_unlevered_beta,average_correlation_with_the_market,total_unlevered_beta,total_levered_beta,de_ratio,unlevered_beta,cashfirm_value,hilo_risk,standard_deviation_of_equity,standard_deviation_in_operating_income_last_10_years,total_taxable_income,total_taxes_paid_accrual,total_cash_taxes_paid,cash_taxesaccrual_taxes,average_across_only_moneymaking_companies,aggregate_tax_rate,average_across_only_moneymaking_companies,aggregate_tax_rate
Advertising,67,1.1788720545198796,0.12320723910362338,0.9080954038491281,0.4421479481472755,0.0636,0.08178811092504908,0.047700000000000006,0.09190459615087188,0.11626777678733756,0.1327643449171998,1.2233869738867418,0.1535112046554183,7.969365992748474,7.679387684866757,0.10120588185042835,1.0957033376220098,0.104368968274263,0.47066330502742926,0.4421479481472755,0.28899784609445595,1586.7689999999998,262.3449999999999,598.6780000000002,2.2820255770073774,0.1653328241224778,0.3096860257533611,0.37729373336635663,0.6540798734401256
Aerospace/Defense,63,0.8394272288703479,0.09890298958711691,0.9460782589488463,0.29626377838044204,0.0636,0.08413956331144659,0.047700000000000006,0.05392174105115366,0.09614203524155547,0.11234117861950943,0.9025795540452759,0.15668024964648591,5.760646642328855,5.357581640087558,0.0569950112912056,0.805015814780584,0.10809433786464624,0.327479066276057,0.29626377838044204,0.3538693221305147,3182.7019999999993,329.1399999999999,1537.5790000000004,4.671504526949022,0.10341527419155169,0.11648455841190662,0.483104921541508,0.5633164463098168
Air Transport,17,1.1142687976141035,0.11858164590916981,0.4742925230027778,0.2586037668991852,0.0636,0.032076541459957475,0.047700000000000006,0.5257074769972222,0.08131863467284968,0.09729871301776871,0.6420965109889322,0.19998375442663488,3.2107433567784565,5.5717965732205466,1.1084034672714909,0.6084569515371716,0.05239019193539953,0.2386623859962095,0.2586037668991852,2.3336670908774453,54.53,3.548,1101.0499999999997,310.3297632468996,0.06506510177883734,,20.191637630662015,
Apparel,212,0.7395377805545943,0.09175090508770894,0.8600382207432665,0.3512879114708432,0.0636,0.10664968423128247,0.047700000000000006,0.13996177925673348,0.0855854620337637,0.10162859694066673,0.7426252296467004,0.1326663091242713,5.5976926964257965,5.574420404368481,0.1627390223841157,0.6590927038418051,0.1124827469767428,0.34833223079854647,0.3512879114708432,0.22016574249990364,9874.130000000001,1957.8509999999994,3121.1960000000004,1.5941948595679658,0.19828086119992336,0.27985844036206403,0.3160983296756271,0.42704261935132715
Auto & Truck,34,1.4019680257484384,0.13918091064358817,0.8202820035403204,0.33181187458464717,0.0636,0.0756580291128368,0.047700000000000006,0.17971799645967956,0.12274014466841553,0.1393323635551409,1.6839999894185198,0.2112118266898425,7.973038327495824,6.637734485423401,0.21909294082281505,1.2041091626164389,0.28497080155433124,0.37854802378337143,0.33181187458464717,0.3480622133182802,16425.219999999998,2431.454,7202.3049999999985,2.9621391151138363,0.14803174630233268,0.18213273665105784,0.4384906260007476,0.5435271167190524
Auto Parts,199,1.0082884041353173,0.11099344973608871,0.853417148860952,0.3465753711918188,0.0636,0.09196926131954353,0.047700000000000006,0.146582851139048,0.1017157154153468,0.11799722845104155,1.0222204085218392,0.16088387745491356,6.35377779733279,6.267181150068205,0.17175990819342077,0.8932234241403924,0.1261929260128745,0.37390506071670887,0.3465753711918188,0.22622290149633165,7973.292,988.909,3123.9630000000006,3.1589994630446285,0.1240276914478988,0.18141999709477816,0.3918034106865772,0.5025362778704627
Bank (Money Center),26,1.1052397575304067,0.11793516663917712,0.22821540141793673,0.17184442270085454,0.055900000000000005,0.13672612838745876,0.041925000000000004,0.7717845985820633,0.059271690691404075,0.07492595213019348,0.4110372393312606,0.2783065192681531,1.4769227843176005,3.9713038718488995,3.381825213315353,0.3125351980132133,0.23964262089319638,0.2109790082788576,0.17184442270085454,,322917.5,47522.8,103062.30000000002,2.168691659582348,0.14716700085935264,0.14716700085935264,0.3191598473294263,0.3191598473294263
Banks (Regional),35,0.8119924199853406,0.09693865727095038,0.15298527305174248,0.18556674536170437,0.055900000000000005,0.10805865733938441,0.041925000000000004,0.8470147269482575,0.05034127937917132,0.06586356429610496,0.1759675765630339,0.19710226948484574,0.8927729600625589,4.119650281590344,5.536576887775215,0.15759398960613397,0.1044146161228644,0.21017390740739295,0.18556674536170437,,30565.99999999999,3818.0899999999997,10155.67,2.6598822971695273,0.124912975201204,0.12292710855198591,0.33225381142445864,0.33225381142445864
Beverage (Alcoholic),44,1.5435802383872408,0.14932034506852643,0.9956506563287914,0.3415418223763413,0.0636,0.20108133522799185,0.047700000000000006,0.00434934367120865,0.1488783632638366,0.16585686124310528,1.623999873351353,0.22410764758938606,7.246516978871126,6.887673200762053,0.00436834309660953,1.5385395868000968,0.05262333326104073,0.29206448115187655,0.3415418223763413,0.4755883978384831,28440.181000000004,7172.497000000001,20455.600999999995,2.8519497463714507,0.25219589847195417,0.25321158937273636,0.7192500286830099,0.7224648242724375
Beverage (Soft),5,1.1142897031168455,0.11858314274316614,0.9873564387348643,0.3461515844705695,0.0636,0.287295092393698,0.047700000000000006,0.012643561265135661,0.11768692738522757,0.1342044681840242,1.1528083427049325,0.14335966020062912,8.041371897028768,7.772686553228559,0.012805467984121667,1.1036897552479228,0.04260776543458956,0.2809291897819898,0.3461515844705695,1.0136450334205074,1993.6609999999998,461.666,525.8859999999999,1.1391048940142872,0.23156695145262912,0.23156695145262912,0.26377904769165866,0.26377904769165866
Broadcasting,7,0.770378975431208,0.09395913464087449,0.786229634137276,0.39527097733428784,0.0636,0.0012593270083953313,0.047700000000000006,0.21377036586272402,0.08407030250420174,0.1000910458909634,0.8069473101670087,0.14003036017271223,5.76265967731374,5.501513917989137,0.2718930406347412,0.6398922817985294,0.20702098670346272,0.4029664652995861,0.39527097733428784,1.1459563863158648,148.5,0.554,32.319,58.33754512635379,0.003730639730639731,,0.21763636363636366,
Brokerage & Investment Banking,105,1.048976694772948,0.11390673134574307,0.32249988323055934,0.3085033550160509,0.0636,0.1189246083226357,0.047700000000000006,0.6775001167694407,0.06905166312807916,0.08485045617923315,0.4582186436067594,0.1714779299791555,2.6721727027055873,6.117269405459113,2.1007763165144673,0.4072775000334031,0.1111721320904475,0.35248894353795546,0.3085033550160509,0.8988608227222492,28028.970000000005,4893.607999999998,10709.937000000005,2.1885563780343684,0.17459107487717163,0.18360755279852528,0.38210241047030996,0.4057874573579665
Building Materials,67,1.1984969306267352,0.12461238023287424,0.8330276067419163,0.3422364136754258,0.0636,0.09642230143739122,0.047700000000000006,0.16697239325808366,0.1117701360342155,0.12820023656674095,1.1465941054646285,0.17951808334676822,6.387067442391285,6.67619054461296,0.20044040786491493,1.041871994922727,0.09133320155999361,0.3574867337289093,0.3422364136754258,0.47879469374659794,4053.175,546.5440000000001,1297.2269999999996,2.3735088117333634,0.13484342521603437,0.12379660834888616,0.32005205795456637,0.40506558759673245
Business & Consumer Services,122,1.023815031918444,0.1121051562853606,0.8587352830860119,0.4111910638555063,0.0636,0.11405214854188972,0.047700000000000006,0.14126471691398812,0.10300698011490797,0.11930757588015317,1.0884327601077337,0.13116798683938113,8.298006139566281,7.805372763493993,0.164503217343451,0.9113722779750498,0.16267470864728317,0.41403421940327123,0.4111910638555063,0.25811791681903,1786.8920000000005,303.109,1092.089,3.6029580118043345,0.16962916617232596,0.8803973431347136,0.6111667632962706,3.4103589016541367
Cable TV,12,1.094136706782441,0.11714018820562278,0.8429443066582856,0.2431495939729264,0.055900000000000005,0.03188184973079905,0.041925000000000004,0.15705569334171443,0.10532721467216115,0.1216620996180553,1.1724406286011024,0.21631663987125604,5.420020527773071,5.058033017865071,0.18631799527104698,0.9599892520847976,0.1812043794232815,0.3473466766653301,0.2431495939729264,0.5904148779986828,541.37,41.991,193.174,4.600366745254936,0.0775643275393908,0.39304675595476807,0.35682435303027504,1.549234100569413
Chemical (Basic),274,1.0766603813768019,0.11588888330657901,0.7404128319021939,0.33685059780315,0.0636,0.12326179444647112,0.047700000000000006,0.25958716809780613,0.09818792419327241,0.11441730238332082,0.9561448134654342,0.16534742696283336,5.782641018540649,6.51150369348543,0.35059787852528285,0.8524975159671774,0.10840125474571094,0.33608956004472246,0.33685059780315,0.8067952475455656,30247.83699999998,4811.294999999997,12592.645000000002,2.61730885343759,0.15906244800248032,0.16260658606018077,0.416315553406348,0.4374054253001072
Chemical (Diversified),8,1.171655949924065,0.12269056601456306,0.8392060740987839,0.39169998762803804,0.0636,0.08946544944145414,0.047700000000000006,0.1607939259012161,0.11063253849952716,0.1270458272458257,1.1378909139132938,0.158505543200156,7.178871419508651,7.391892587911158,0.19160243337596344,1.0244417944260176,0.09970122627758402,0.2931794076217648,0.39169998762803804,0.6357376908444904,2641.6000000000004,378.45000000000005,631.502,1.6686537191174524,0.14326544518473652,0.1645234943458883,0.2390604179285281,0.24894253959218487
Chemical (Specialty),232,0.9532299296370985,0.10705126296201625,0.8446513811818601,0.3328216812296494,0.0636,0.12613499183252636,0.047700000000000006,0.15534861881813988,0.09783112623575481,0.11405523154958375,0.9302161436526984,0.16158803027022953,5.756714418122829,5.899137009362497,0.1839203987339389,0.8376800878152519,0.0994780153718718,0.3254800239719046,0.3328216812296494,0.5682405247341032,29762.043,4603.649000000002,6971.351000000005,1.5143098442127108,0.154681887933567,0.16255355399325494,0.23423630561920783,0.24761438517772744
Coal & Related Energy,36,1.1625025527214288,0.1220351827748543,0.7585430426107482,0.3888971545117529,0.0636,0.18571757161740968,0.047700000000000006,0.24145695738925177,0.10408643571506405,0.12040298402612426,1.3577797753483152,0.15520632369777734,8.74822457615984,7.490046313996139,0.31831675175373947,0.9384574963085219,0.3088293747284779,0.3449405830953215,0.3888971545117529,0.49217535673401036,54672.51999999999,11797.967999999995,25308.660000000003,2.145171100650554,0.21579338212323115,0.2169550844490274,0.4629137270423973,0.4642098376243378
Computer Services,141,0.774441107926277,0.09424998332752144,0.8504167513466512,0.36813937006674413,0.0636,0.08660898531246924,0.047700000000000006,0.14958324865334882,0.08728688559663156,0.10335516469411887,0.7935561980834351,0.13685212059459154,5.798640128012725,5.658963153522981,0.17589405243544526,0.68418328055697,0.13782630365765927,0.37100095915626,0.36813937006674413,0.43782647280181575,3521.255,410.16200000000003,1601.122999999999,3.9036356366508813,0.11648176573409197,0.12517131485752103,0.4547023717396209,0.731456422982322
Computers/Peripherals,58,1.0480342661515154,0.1138392534564485,0.7111831265885884,0.3737800927630425,0.0636,0.07634393560307313,0.047700000000000006,0.2888168734114116,0.09473712106339215,0.11091550216285118,1.017845908513994,0.15268300330318982,6.666399576204363,6.864118752434968,0.40610760100118193,0.8033495095767483,0.21073563016075778,0.43045846811309196,0.3737800927630425,0.7950602975402556,8634.499999999998,1831.459,2326.4909999999995,1.2702937930906448,0.2121094446696393,0.22797738685073343,0.2694413110197464,0.29329710462382497
Construction Supplies,151,1.09234192483648,0.11701168181829197,0.6553964668585073,0.2919685135013516,0.0636,0.11696977501285206,0.047700000000000006,0.3446035331414927,0.09312663137572959,0.10928121213497688,0.9939610568348364,0.18401387434323838,5.401554966343546,5.936193282898608,0.525794004952866,0.7834083603571659,0.21183193750885299,0.3137458270592051,0.2919685135013516,0.5344652401178032,27756.422000000006,5200.309000000004,12310.901000000005,2.3673402868944895,0.1873551641490392,0.19836360613300716,0.44353342804775064,0.4756947620179775
Diversified,16,0.9304091990016601,0.10541729864851886,0.1553379818007964,0.2544812541818704,0.0636,0.17512983723449677,0.047700000000000006,0.8446620181992036,0.05666568868705475,0.0722814377809522,0.200764760473802,0.21357074180502253,0.9400386905856626,4.356445040824313,5.437575591025695,0.1832169967913602,0.08740460049377859,0.28103555751653664,0.2544812541818704,0.37575374363942493,29341.430000000004,5583.359999999999,6296.719999999998,1.127765359926639,0.19028929401191413,0.1906690391921557,0.21460167415153242,0.2153439654668267
Drugs (Biotechnology),116,1.3026810164413452,0.1320719607772003,0.9694917785424323,0.3751024666407101,0.0636,0.0845725212903733,0.047700000000000006,0.030508221457567708,0.12949792231300022,0.14619000983486719,1.3982588051740614,0.16241973420180023,8.60892189022289,8.020460215892328,0.03146826216869502,1.272645069910612,0.08983582638538254,0.42246552786880226,0.3751024666407101,0.5973885814642992,7685.379999999998,1150.578,2000.849,1.7389946618134537,0.1497099687978994,0.6047913717130909,0.26034483655980584,1.0609574259368266
Drugs (Pharmaceutical),272,0.8134836333355597,0.09704542814682607,0.8802896709605371,0.3317369137910579,0.0636,0.11664235050344292,0.047700000000000006,0.11971032903946288,0.09113827070677634,0.10726346682559562,0.8206646048391498,0.13116279894909869,6.256839678738719,6.2020911405775525,0.13598970087748466,0.73819358928786,0.10049296029704378,0.3600180448647787,0.3317369137910579,0.2673496465332132,23138.74900000001,3472.719999999998,8069.582,2.3237064894376758,0.15008244395580747,0.17123128352553432,0.3487475489707761,0.4053179261012396
Education,50,0.9083724609958096,0.10383946820729996,0.7871985771122643,0.4297075207596029,0.0636,0.08361932139532632,0.047700000000000006,0.21280142288773574,0.09189290949262573,0.10802925790877294,0.8659921193574474,0.13224295472022396,6.548493424013089,6.868966765886182,0.27032749940729084,0.75524902560468,0.1278800248608926,0.4772758718734417,0.4297075207596029,0.742268403333915,1349.111,130.30100000000002,180.19500000000008,1.3829134081856629,0.0965828608617082,0.15099355962503738,0.13356573328658655,0.3176904917639719
Electrical Equipment,312,0.712389859402179,0.08980711393319601,0.8783924917560424,0.3521192521401221,0.0636,0.09506522526063711,0.047700000000000006,0.12160750824395761,0.08468657272843562,0.10071642355693466,0.7299645710812891,0.1220096886739563,5.982841026928253,5.838797452437422,0.13844324648181522,0.6453786253269984,0.11587678238821157,0.370869873833842,0.3521192521401221,0.3783629466053223,23128.212999999992,2901.493999999997,6350.829000000004,2.18881341819077,0.1254525803614831,0.1513947326814788,0.2745922912418701,0.347436065064366
Electronics (Consumer & Office),30,1.0735238810785066,0.11566430988522107,0.48971894690043194,0.3596008930384923,0.0636,0.10033166227765597,0.047700000000000006,0.5102810530995681,0.08098341026380508,0.09695853455341807,0.7503141310665918,0.160744775930939,4.667735711603781,6.678437136518366,1.04198756517239,0.6025986533742835,0.19687151231221878,0.41039861815792295,0.3596008930384923,0.6906123910261142,2134.6030000000005,302.98500000000007,325.159,1.073185141178606,0.14193974242517227,0.1565487089000841,0.15232762251341345,0.16625260185917567
Electronics (General),416,0.8646121467123986,0.10070622970460774,0.8429393191083813,0.32642893729754985,0.0636,0.08916255700783232,0.047700000000000006,0.15706068089161873,0.0923810351757045,0.10852459727189734,0.8625237367032808,0.1417680189809756,6.084050146874283,6.098781325486563,0.18632501454286135,0.7586022195236548,0.12048539971413705,0.3626335145321812,0.32642893729754985,0.5481948234936006,27808.953,3530.6509999999976,3839.353999999997,1.0874351500615609,0.12696094671381541,0.14044630859326573,0.1380617961416957,0.16875417890706593
Engineering/Construction,233,0.8260188981004373,0.09794295310399131,0.33559647340154275,0.3889788541322779,0.0636,0.11448871970014236,0.047700000000000006,0.6644035265984573,0.06456135787497859,0.08029379173520002,0.46388335536296904,0.13344897020111798,3.4761104163176437,6.189773490612648,1.9797690954979,0.3324251376040645,0.2833863647813879,0.3866172741668868,0.3889788541322779,0.32969751138334163,50846.31000000002,9736.124999999993,28607.637999999995,2.938298142228044,0.19148144673625261,0.20207110661475128,0.5626295792162693,0.6106895679291013
Entertainment,112,1.1372981012810408,0.12023054405172252,0.892044805596128,0.4141885890882662,0.0636,0.0811467984476042,0.047700000000000006,0.10795519440387202,0.11240049506840022,0.12883991125167715,1.1795352335831606,0.1616640077730345,7.296214227468303,7.034949318327748,0.12101992380498047,1.0426610322711345,0.11604079082591987,0.42413337473745844,0.4141885890882662,0.36413997521866953,3552.310999999999,358.87399999999997,835.167,2.327187257923394,0.10102550142709918,1.1834442595673884,0.23510525964646686,3.5449718156813477
Environmental & Waste Services,115,0.9878492763002199,0.10953000818309575,0.5710827526341012,0.3471973302422594,0.0636,0.12691562559820505,0.047700000000000006,0.42891724736589876,0.08301005126859132,0.09901512591788109,0.699802713808326,0.12625349969220062,5.542838143215104,7.82433183007635,0.751059711377259,0.6319021125802934,0.09702820507585284,0.3578281050980453,0.3471973302422594,0.5045698987531091,4087.8690000000006,707.778,926.8159999999999,1.309472744278573,0.1731410668981809,0.214387908953841,0.22672350801848096,0.3367240095187921
Farming/Agriculture,52,1.043400715159927,0.11350749120545077,0.7161813897983322,0.33074426445965033,0.0636,0.039011014645211874,0.047700000000000006,0.28381861020166776,0.09483010051066126,0.11100985569062183,0.9029025846026576,0.1451371447854543,6.221030363642284,7.189067393480218,0.3962943106935347,0.8043355217817959,0.10916688522299256,0.34877922382624765,0.33074426445965033,1.1002539011080164,5844.569999999997,799.813,981.144,1.226716745039153,0.13684719320668592,0.7620287423057179,0.16787274341824984,0.8928679331821471
Financial Svcs. (Non-bank & Insurance),75,1.0564712258152704,0.11444333976837336,0.43593048136655044,0.3954566218578733,0.0636,0.12579613220815702,0.047700000000000006,0.5640695186334496,0.07679545623323823,0.09270868957658673,0.6486359414374447,0.14375754398107798,4.512013237530137,7.348979375679428,1.2939437427390037,0.5361552132875396,0.17341118640548364,0.39283439798530084,0.3954566218578733,0.32158872190289417,9579.207999999997,2027.1989999999998,2837.3500000000013,1.3996405878258629,0.2116249067772618,0.3302270326806704,0.29619880892032013,0.486181602840856
Food Processing,189,1.094738825933205,0.11718329993681748,0.8215001752908199,0.31272680039281325,0.0636,0.13706267169804418,0.047700000000000006,0.17849982470918013,0.10478054307788018,0.12110734913321841,1.0423009661845084,0.17450498375479628,5.972900852213401,6.2733957642806635,0.21728519369577648,0.9413351784900592,0.09686817049018852,0.34122769543161696,0.31272680039281325,0.419897240368187,17891.417,3759.5240000000003,6472.601999999999,1.7216546562809543,0.21013003050568885,0.24682731312284023,0.3617713454445782,0.41585701914145723
Food Wholesalers,15,0.35403075933552397,0.06414860236842351,0.9022297222704118,0.4005182070299128,0.0636,0.09850498075132351,0.047700000000000006,0.09777027772958824,0.06254041794659919,0.07824298569950461,0.3445221203991896,0.10767606204392065,3.1996166451430996,3.2879244710037425,0.10836517055052751,0.3274200612511641,0.0496399451164698,0.37284152445804203,0.4005182070299128,,317.14,49.73799999999999,41.158,0.8274960794563514,0.1568329444409409,0.1939548892088236,0.12977864665447436,0.170274206093101
Furn/Home Furnishings,95,1.1450587110371142,0.12078620371025738,0.8441890558953015,0.33019451705570174,0.0636,0.11624804539976832,0.047700000000000006,0.15581094410469853,0.10939857330913384,0.12579362611665812,1.2798376373178215,0.18372687605345292,6.965979419066972,6.232396346324282,0.1845687799629833,1.0058256950008229,0.21409898750223536,0.3554012346471817,0.33019451705570174,0.409879414169366,17393.296,2715.382,4613.839999999997,1.6991495119287074,0.15611658652851076,0.15655515220734417,0.2652654218038949,0.273316857138118
Green & Renewable Energy,38,0.9236832465876514,0.10493572045567584,0.595213537531442,0.39416575365196005,0.0636,0.10434733404184392,0.047700000000000006,0.404786462468558,0.08176747564558354,0.09775418710832628,0.6358378502441157,0.1456492400301667,4.365541832641363,6.341833616133798,0.680069314530964,0.611689700231226,0.037978472032796445,0.36503022101949995,0.39416575365196005,0.34994488621976827,11128.706999999995,1655.6389999999992,3517.8469999999993,2.124766932888148,0.14877191033962886,0.16053484318743025,0.3161056356322438,0.33613277803082797
Healthcare Products,135,0.8189311396459794,0.09743546959865212,0.9692031975167655,0.3843864530470881,0.0636,0.0938819670077867,0.047700000000000006,0.030796802483234464,0.09590377616501153,0.11209939847286887,0.881462423261849,0.12711881653456716,6.93416165514847,6.442249558099757,0.03177538266706117,0.7998690312327649,0.09256593347127384,0.38833062272696334,0.3843864530470881,0.9721852988076457,12122.639999999994,1443.1309999999994,2192.496000000001,1.5192633239809843,0.11904428408333499,0.1407456086382981,0.1808596147373841,0.21530696347690037
Healthcare Support Services,69,1.0504974333382906,0.11401561622702161,0.7094675380851134,0.34198052566650733,0.0636,0.17016674593369227,0.047700000000000006,0.2905324619148866,0.09474877698118223,0.110927330335584,0.9786884024139211,0.131852606583942,7.422594272270634,7.9672102096025466,0.4095077594375177,0.8036666396385076,0.17883297926462072,0.4162839092233632,0.34198052566650733,0.47581109336933924,8807.497000000005,1857.8360000000005,4528.7829999999985,2.4376656497128906,0.21093802245972942,0.23137387924214628,0.5141963715684486,0.5702278212740549
Heathcare Information and Technology,41,1.3798891308127155,0.13760006176619044,0.9633684523527135,0.41857034171643864,0.0636,0.09508322412595624,0.047700000000000006,0.03663154764728649,0.13430688337010824,0.15107003928198193,1.4351074590261796,0.1761003796080715,8.149371751612067,7.835810086745938,0.03802444179880074,1.3416281351084176,0.06513750822617449,0.41361357763671025,0.41857034171643864,0.949985995511684,4464.519999999999,648.51,433.72000000000014,0.6687946215170162,0.14525861682778893,0.17128226812293737,0.09714818166342637,0.11534216775833786
Homebuilding,3,1.396540763852294,0.13879231869182423,0.7701067238685416,0.5466680122299846,0.0674,0.04502541757443718,0.05055,0.22989327613145838,0.11850600295432454,0.1350356483181816,1.5072253449991038,0.15137215612409036,9.957084470432763,9.225876142686715,0.2985213204951857,1.1410662998904129,0.24293583326712748,0.46124442087586726,0.5466680122299846,0.6217977897563177,45.9,6.2,12.5,2.0161290322580645,0.13507625272331156,,0.27233115468409586,
Hospitals/Healthcare Facilities,23,1.076637582809322,0.11588725092914745,0.9427737996909245,0.3634074292542356,0.0636,0.1712502169410687,0.047700000000000006,0.05722620030907555,0.11198515364895086,0.1284184317816941,1.087091164115262,0.1211706772808268,8.97156959514062,8.885298052053404,0.060699820389404566,1.0297579890733422,0.05273998808423866,0.3852369878496237,0.3634074292542356,0.591500793913662,890.3000000000001,197.04899999999998,294.3669999999999,1.493877157458297,0.22132876558463435,0.29094981767668,0.3306379871953273,0.5111425594721304
Hotel/Gaming,84,0.9110689348801114,0.10403253573741597,0.6804058156394741,0.3708151097374902,0.0636,0.05449759017987024,0.047700000000000006,0.3195941843605259,0.08602898492545634,0.10207867435785234,0.7263101506542247,0.1621869725965179,4.478227437299229,5.617398982756965,0.46971112976181384,0.6737263582257236,0.07239853715542338,0.40207770480183186,0.3708151097374902,1.1366771732678016,402.83000000000004,179.58800000000002,465.12399999999997,2.5899503307570657,0.4458158528411489,,1.154640915522677,
Household Products,78,0.8494156276575727,0.0996181589402822,0.923242616873022,0.29945773403259046,0.0636,0.11014220855090841,0.047700000000000006,0.076757383126978,0.09563305692325562,0.11182467845414124,0.913208494825083,0.15021402531887212,6.079382353855024,5.6547025209826165,0.08313890815282282,0.7995597351218308,0.12444995896038034,0.341174768830563,0.29945773403259046,0.3174538429270158,3277.1319999999996,597.6970000000001,1185.607,1.9836254824769068,0.18238417006089477,0.20838615557441958,0.3617818873331926,0.40177333624766387
Information Services,14,1.4093836122930568,0.13971186664018287,0.9440858282066503,0.43416488349545085,0.0636,0.06652682265915243,0.047700000000000006,0.055914171793349676,0.1345670993218369,0.15133410078964737,1.7011087426406488,0.1348642949381301,12.613484862105599,10.45038357216505,0.05922572940170294,1.3494423324733547,0.20672776604592527,0.4285331949447616,0.43416488349545085,0.4813141421374921,469.63000000000005,44.122,160.59000000000003,3.639680884819365,0.09395055682132741,0.161076680034026,0.341950045780721,0.4878782355085674
Insurance (General),5,1.6068756802510193,0.153852298705973,0.6317626170104187,0.41061803466038993,0.0636,0.021126245204448446,0.047700000000000006,0.3682373829895813,0.11476305403215718,0.1312373848799231,1.2174934361911938,0.19035179251989687,6.396017710544717,8.44161044652657,0.5828730176092527,1.1180950871744364,0.08164179457732049,0.4480846955755483,0.41061803466038993,0.3892241151227962,3669.9,96.04,1546.8919999999998,16.106747188671385,0.026169650399193438,0.02622600922384137,0.4215079429957219,0.43158761114784644
Insurance (Life),8,1.3020330244484484,0.1320255645505089,0.5417526251403377,0.22781198869404068,0.055900000000000005,0.031025362372065875,0.041925000000000004,0.45824737485966227,0.09073721737186466,0.10685648659410907,0.9021325760294155,0.247670021289309,3.6424778878490662,5.2571280838528045,0.8458609217462604,0.7966449198144216,0.11693143448968445,0.30654921957598064,0.22781198869404068,0.4188818634517185,28204.610000000004,1401.132,5556.72,3.965879017822732,0.0496774108913401,,0.19701460151372416,0.19701460151372416
Insurance (Prop/Cas.),3,0.715954328357721,0.09006232991041282,0.7060156512156828,0.200754491319914,0.055900000000000005,0.10917560084784222,0.041925000000000004,0.29398434878431723,0.07591070832448427,0.09181086657558524,0.5820707285843082,0.14252397540129433,4.084019737348851,5.023395722311708,0.4163991949443443,0.5455723979043127,0.06270428813482085,0.15934179239526122,0.200754491319914,0.20140590860059832,10237.5,1580.27,2918.3599999999997,1.8467477076702081,0.15436092796092796,0.15436092796092796,0.2850656898656898,0.2850656898656898
Investments & Asset Management,52,0.8971913134126426,0.1030388980403452,0.11462047220097449,0.3290682338639127,0.0636,0.030789032843691094,0.047700000000000006,0.8853795277990255,0.054042970624465954,0.06961996033812823,0.1334414664894592,0.11789783346989077,1.1318398528802316,7.609905008490007,7.724444951217869,0.13206937142527578,0.01028237398973581,0.34755795362648345,0.3290682338639127,0.7150498535056358,3115.3940000000002,944.9350000000001,890.5460000000002,0.9424415435982371,0.303311555456549,,0.28585341051565233,
Machinery,399,0.7886640943729184,0.09526834915710096,0.887725366733394,0.3305223165328095,0.0636,0.09838482584849462,0.047700000000000006,0.11227463326660603,0.08992763020038957,0.10603493508019834,0.8002187969714708,0.13853999395664263,5.776085115334325,5.692681743726206,0.12647451280991145,0.7203359871018076,0.09982621024648486,0.3478419174169528,0.3305223165328095,0.426430906856616,16482.036000000007,2333.7139999999986,4192.282000000002,1.796399216013618,0.14159136650350707,0.15881081758998672,0.25435461978119694,0.30891540480043783
Metals & Mining,129,1.1825014964480551,0.12346710714568075,0.7349740622699399,0.36908422817188813,0.0636,0.13973331533700836,0.047700000000000006,0.2650259377300601,0.10338685852530277,0.11969306825720394,1.090531458128826,0.17598937362267658,6.19657559817753,6.719164186488629,0.3605922322095795,0.9307780070167422,0.14649137346867064,0.3588269110901343,0.36908422817188813,0.7617692967931781,28537.343000000008,5329.546999999997,11542.723000000002,2.1657981438197296,0.18675694510172147,0.1897993752393212,0.4044778450467515,0.4116870350175278
Office Equipment & Services,13,0.7081594111965409,0.08950421384167233,0.8973357919944784,0.2966511438185672,0.0636,0.15300340390571487,0.047700000000000006,0.10266420800552156,0.08521241733632358,0.10125003926740228,0.7321366629877192,0.14537301604882452,5.03626245700114,4.871326401859205,0.11441002233660286,0.6521960847301729,0.10918805504333448,0.3845234455424972,0.2966511438185672,0.4667300504420681,430.486,68.399,167.56600000000006,2.449831137882134,0.15888786162616206,0.39115755834181687,0.3892484308432796,1.07963609654266
Oil/Gas (Integrated),4,1.2630148880308139,0.1292318659830063,0.6135888940001548,0.28272205413722806,0.0636,0.28333207745742334,0.047700000000000006,0.3864111059998452,0.09772704747428168,0.1139496146783352,1.0143243283140462,0.2229395724671404,4.549772465646716,5.66527904424403,0.6297557041502576,0.8578418087782879,0.1542726672008891,0.2911197441051066,0.28272205413722806,0.42260070926898313,44139.799999999996,10347,52041.49999999999,5.029622112689668,0.23441429276979056,0.23441429276979056,1.1790153104454484,1.1790153104454484
Oil/Gas (Production and Exploration),20,1.093288750250156,0.11707947451791118,0.7697213845776778,0.5472608804120638,0.0674,0.11975421737929515,0.05055,0.2302786154223222,0.10175915924115192,0.11804131430382925,1.1467240774196301,0.12242080245446431,9.367068785929304,8.930579838804897,0.2991713885520653,0.8929336093946111,0.2213178156999205,0.42772466020792504,0.5472608804120638,0.6153017017866934,26292.75,7101.120000000001,10923.114000000001,1.5382241111261323,0.27007901417691194,0.27518570090537725,0.4154420515161024,0.419813144168932
Oil/Gas Distribution,22,0.6669304242953202,0.08655221837954494,0.6032434607700701,0.3399084877418732,0.0636,0.15441032436347865,0.047700000000000006,0.3967565392299299,0.07113734667387121,0.08696696263456882,0.5185227273408995,0.13170245569919434,3.9370771379175697,5.063917910677197,0.6577054954287453,0.4466214083227979,0.13866570398336767,0.3574716514797046,0.3399084877418732,0.43770986613744495,2019.9199999999998,355.14399999999995,472.5330000000001,1.3305391615795288,0.17582082458711235,0.30040196431618676,0.23393649253435786,0.3733125082952543
Oilfield Svcs/Equip.,57,0.8453736105936346,0.09932875051850423,0.7828648598834449,0.3536012470458101,0.0636,0.17026061860680883,0.047700000000000006,0.2171351401165551,0.08811833454062616,0.10419890106093121,0.8606546215834747,0.12891368350480487,6.6762084379614866,6.557671673093771,0.27735967118115745,0.6998011483042395,0.1868966589446637,0.3594146529244742,0.3536012470458101,1.3969129645599576,1833.3120000000001,491.68799999999993,1180.9520000000002,2.4018320561006172,0.26819657537833164,0.4402547603776577,0.6441631320800825,1.0180690901316563
Packaging & Container,60,0.6377004760081068,0.08445935408218044,0.8206582573655262,0.27000419373316337,0.0636,0.11058058475006513,0.047700000000000006,0.17934174263447378,0.07786686746296453,0.0937959344698065,0.6158621248574341,0.1451360493941902,4.24334358988062,4.393811728167612,0.21853401342745996,0.5478994729278259,0.11035368012822816,0.3277556756498346,0.27000419373316337,0.25449524517122474,1778.6300000000003,258.277,589.7850000000002,2.28353666799599,0.1452112018800987,0.15145712870359535,0.33159510409697357,0.3611424589540564
Paper/Forest Products,45,1.0747428185936663,0.1157515858113065,0.5899975238976047,0.3294530752427785,0.0636,0.07509426927261803,0.047700000000000006,0.41000247610239526,0.08785026712597621,0.10392687205887241,0.8026422179384453,0.1586218908776818,5.060097402050182,6.775501241644089,0.6949223674598879,0.7065136926429609,0.11976509975065427,0.3314360338341031,0.3294530752427785,0.46966491391897963,2903.2000000000003,331.7589999999999,1166.8179999999995,3.5170650984600265,0.11427356020942404,0.1119920598507476,0.4019075502893357,0.4370145787881906
Power,97,0.7203140337142075,0.09037448481393726,0.43326560647700685,0.31357689189527194,0.0636,0.15984982041720336,0.047700000000000006,0.5667343935229932,0.06618938654400436,0.0819458799412065,0.39532420317850325,0.1248591814539181,3.1661604583272553,5.769011340027522,1.3080530396383296,0.363604023041292,0.08023839644062584,0.2917536508045197,0.31357689189527194,0.19407343933046373,25684.190000000013,5257.095,10871.727999999996,2.068010564770086,0.2046821410369569,0.28398093167697097,0.4232848300841876,0.6969286932824187
Precious Metals,19,1.2568812318643756,0.1287926962014893,0.710069723637369,0.412406963008286,0.0636,0.1267253994341671,0.047700000000000006,0.289930276362631,0.10528146838080064,0.12161567727312783,1.034446267034906,0.20121208313071262,5.141074288082901,6.24654947311426,0.40831240469942603,0.9622172901698982,0.06982380735158132,0.40474405833649074,0.412406963008286,0.5126331663470172,5494.590000000001,970.9499999999998,2548.917,2.6251784334929713,0.17671018219739773,0.18314781210811715,0.46389575928322213,0.49002076456109794
Publishing & Newspapers,63,0.9703265805429584,0.10827538316687582,0.9304980063944593,0.3548046436435119,0.0636,0.09881354490426773,0.047700000000000006,0.06950199360554066,0.10406527327335845,0.1203815088389748,1.2344395051017332,0.1474243995441837,8.373373124926763,6.581858793680536,0.0746933288711176,0.9188524683415531,0.25565208781468135,0.3583437745915109,0.3548046436435119,0.20649174896340375,2530.115,133.076,408.62499999999994,3.070613784604286,0.05259681872167866,0.05128255612693288,0.16150451659311926,0.1828499397697108
R.E.I.T.,10,1.0128388742495926,0.11131926339627082,0.5747984615500561,0.16221996987979773,0.055900000000000005,0.21254543154235744,0.041925000000000004,0.4252015384499439,0.08181271584057584,0.09780009587762883,0.6797319891140159,0.2506029423474803,2.712386306189155,4.041608070368198,0.7397402166027115,0.65142494938226,0.04164441307029288,0.27886518193237264,0.16221996987979773,0.16542411032581172,2422.7000000000003,266.13000000000005,311.5330000000001,1.1706045917408785,0.10984851611838033,0.1105163843888071,0.12858917736409792,0.14337858983799712
Real Estate (Development),209,1.3753079403773474,0.13727204853101807,0.27815851728291807,0.3581543170119,0.0636,0.23406804983889248,0.047700000000000006,0.7218414827170819,0.07261522820938157,0.0884666847839044,0.5977523218725178,0.1964857984564177,3.0422164175142896,6.999528470666561,2.595072370129473,0.4667908711380608,0.21908982356472909,0.4313119533511472,0.3581543170119,0.4367569707239421,99723.97899999989,36126.16799999999,65196.322999999924,1.8046841558174656,0.3622615980856523,0.48482656333000856,0.6537677663262914,0.8633767033764158
Real Estate (General/Diversified),58,1.1117839689890345,0.11840373217961488,0.4368121512823179,0.2905347888658404,0.0636,0.1936094816034457,0.047700000000000006,0.5631878487176821,0.07858424935706643,0.09452391806677674,0.6487000722299453,0.18946210358302898,3.4239040946025496,5.868107383816794,1.2893136032602857,0.5652223349758528,0.12868464306953564,0.31970096097112377,0.2905347888658404,0.22319725392324258,16181.070000000003,4687.509999999999,6449.086,1.3758020782889,0.2896909784087207,0.43592863357844996,0.39855745015626276,0.6578357299288314
Real Estate (Operations & Services),121,1.0896843928162472,0.1168214025256433,0.6719094521426063,0.3510005577924488,0.0636,0.17533501867734436,0.047700000000000006,0.32809054785739367,0.09414332370233355,0.11031292947133364,0.9156268145559712,0.17519252612980563,5.226403401921122,6.219925112609347,0.4882957767764213,0.7975896496666421,0.12891405429904393,0.4172851049956546,0.3510005577924488,0.1706290605136702,9648.313999999998,2482.503999999999,3021.545999999999,1.2171364074337847,0.2572992545640616,0.6197712473517981,0.31316829033549276,0.7854393740495716
Recreation,59,1.0435977262903409,0.1135215972023884,0.627638912638325,0.34890156943115025,0.0636,0.10754126399741332,0.047700000000000006,0.37236108736167495,0.08901219569622487,0.1051059719873022,0.8710309717425792,0.1518620633201318,5.735671916339028,6.8720107146864695,0.593272787686838,0.7222356556808736,0.17082666505420196,0.3979778720005512,0.34890156943115025,0.3263280560937453,1526.745,416.93299999999994,2577.2439999999992,6.181434427114188,0.27308620627544217,0.3541327086864063,1.688064477041025,2.318357639151257
Reinsurance,1,1.1181569460517713,0.11886003733730682,0.22670376690736993,0.1698060485308078,0.055900000000000005,0.12820882607441594,0.041925000000000004,0.7732962330926301,0.05936646277152661,0.07502212478292858,0.38239215866330295,0.260768096208106,1.46640698852261,4.287936148291032,3.411042717294571,0.3142406740443172,0.17822406415763678,0.3419354838709677,0.1698060485308078,0.2941392531924701,693.4,88.9,229.7,2.5838020247469062,0.12820882607441594,0.12820882607441594,0.33126622440149983,0.33126622440149983
Restaurant/Dining,43,1.0155631593586398,0.1115143222100786,0.8806598967804321,0.42345467804649506,0.0636,0.05727647637799876,0.047700000000000006,0.1193401032195679,0.10389871441064107,0.12021248851523203,0.993767560521124,0.14969016927838275,6.638829826379502,6.784434570783137,0.13551213545190197,0.9218697550247007,0.07234871448079938,0.45658266281467674,0.42345467804649506,0.4006300437277746,1471.6199999999997,393.655,408.8229999999999,1.038531201178697,0.2674977235971243,2.8252430512704465,0.27780473219988855,2.802960494741314
Retail (Automotive),25,1.163227394486358,0.12208708144522323,0.5435337463128982,0.33609361111858876,0.0636,0.23187714466643913,0.047700000000000006,0.4564662536871018,0.08813188905520486,0.10421265588853301,0.8406626435024471,0.16834463107394007,4.9937003523041525,6.909797996322479,0.8398121676594597,0.7136981203543847,0.15102910082823578,0.42355232883194793,0.33609361111858876,0.35403255934559086,3341.27,940.3090000000003,1466.3700000000001,1.5594554556002331,0.28142263271151396,0.32467796719901415,0.43886605991135114,0.48436468280301737
Retail (Building Supply),8,0.34892573478839367,0.06378308261084899,0.8881371791434715,0.34208232426449303,0.0636,0.08542124534231355,0.047700000000000006,0.11186282085652854,0.06198398362193084,0.07767832820747689,0.34516953690312385,0.11139468298257293,3.0986177047348273,3.132337428016929,0.125952187886572,0.31880965464679867,0.07636792775175706,0.3645401589513616,0.34208232426449303,0.5619630907780913,177.69200000000004,26.523000000000003,49.962,1.8837235606831806,0.14926389482925512,0.16673912503415886,0.2811719154492042,0.31029985342707367
Retail (Distributors),138,0.8488990601826119,0.09958117270907502,0.432814782569537,0.36644965229520776,0.0636,0.14897994641725643,0.047700000000000006,0.567185217430463,0.0701549384855309,0.08597003609861775,0.5581755275742426,0.1255550785233673,4.44566268556281,6.761168645397498,1.3104571291747358,0.4281222092400832,0.23299717008259754,0.41280459621885973,0.36644965229520776,0.6331029070143032,12671.168000000003,3057.1510000000026,5160.275000000002,1.6879359246566485,0.24126828718552243,0.286756996441441,0.40724540942082066,0.5037208441950483
Retail (General),54,0.7267966892262641,0.0908386429486005,0.5788421008387206,0.2739335542441539,0.0636,0.19709192984542978,0.047700000000000006,0.42115789916127944,0.07267046271169937,0.08852273555965562,0.5601484302027036,0.1403998879044411,3.989664369133624,5.176618728648387,0.727586847174795,0.4702085318329791,0.16056440314788964,0.29821977490309887,0.2739335542441539,0.1477872515654375,2186.74,642.297,1895.3099999999993,2.9508311575486093,0.2937235336619809,0.4650294938083586,0.8667285548350511,1.200212773367867
Retail (Grocery and Food),26,1.0450863422294743,0.11362818210363036,0.602286971894533,0.332414221684317,0.0636,0.12914349623905508,0.047700000000000006,0.39771302810546705,0.08740768516170688,0.10347774947444166,0.8202414085240538,0.16353931455776674,5.015561002821259,6.390428778887416,0.6603380890913759,0.6989358630677713,0.14789005309371078,0.3741522336122903,0.332414221684317,0.25799844907084113,554.1199999999999,212.36100000000005,589.9609999999998,2.7781042658491892,0.38324009239875856,,1.0646809355374285,
Retail (Online),35,1.918258317096063,0.1761472955040781,0.9444766485773928,0.49581531158766745,0.0636,0.06250318568310753,0.047700000000000006,0.055523351422607226,0.1690154711765217,0.1862915618835641,1.9307291337485448,0.14332400618588576,13.471079863930562,13.384068504254307,0.05878742635536693,1.837252794577979,0.04841504566157336,0.5330510610056509,0.49581531158766745,,369.39000000000004,60.315,360.85899999999987,5.982906408024536,0.16328270933160072,,0.9769051679796417,
Retail (Special Lines),59,1.0736182656925215,0.11567106782358454,0.7936623735796521,0.3540452429931082,0.0636,0.1427619064766047,0.047700000000000006,0.20633762642034792,0.10164607902360961,0.11792656295006698,0.99434637863514,0.15799690517405784,6.293454783432086,6.795185415244471,0.2599816159731803,0.8984356931731637,0.09645601122782294,0.3821194026248013,0.3540452429931082,0.18182284382361139,5402.336999999999,1143.4399999999998,2979.8779999999997,2.6060641572797874,0.2116565478976969,,0.5515905431297604,
Rubber& Tires,15,1.168711678058403,0.12247975614898166,0.739726698704871,0.2703407191014217,0.0636,0.0843480778072253,0.047700000000000006,0.26027330129512904,0.10301658214604148,0.11931731981322424,1.0545089776031153,0.20388649530624828,5.172039354637919,5.732168166915304,0.35185062503600445,0.9246956272471704,0.12310312487903993,0.2953233628379374,0.2703407191014217,0.23561568016450618,760.69,81.76100000000001,162.88000000000002,1.9921478455498343,0.10748268019824107,0.07043954337799288,0.2141213897908478,0.2554423427676162
Semiconductor,154,0.9195134561599162,0.10463716346105,0.9231063206855542,0.4009005451793877,0.0636,0.06904710156029122,0.047700000000000006,0.0768936793144458,0.10025905547280184,0.11651904151427184,0.969922403502105,0.12035627285165829,8.058760715343482,7.639929638675638,0.08329883307194764,0.8654455056301513,0.10771675908785926,0.37155770363673446,0.4009005451793877,0.889562849299195,13893.068999999998,1218.1479999999992,1182.3310000000001,0.970597168816926,0.08768026704538784,0.09021520480789004,0.08510221895536546,0.09130992206153757
Semiconductor Equip,48,1.0007731594256168,0.11045535821487416,0.9452714257230367,0.4113249414003942,0.0636,0.09372202697135128,0.047700000000000006,0.054728574276963315,0.10702084693153398,0.12338076092559613,1.030093734649671,0.12320869464207787,8.360560410465354,8.12258552314729,0.05789720580530769,0.9591251593669302,0.06889525962108374,0.3932591330003344,0.4113249414003942,0.8780799622407014,9411.699999999995,1182.5640000000008,1405.3820000000005,1.188419400556756,0.12564828883198587,0.1250257366654235,0.14932286409469078,0.14977162039750638
Shipbuilding & Marine,53,1.0757536179894185,0.11582395904804237,0.6693817124065775,0.3016453015098159,0.0636,0.1662921552960091,0.047700000000000006,0.3306182875934225,0.09330093236349415,0.1094580889994079,1.300652823503757,0.1800970225916908,7.221956281046069,5.973189353764758,0.49391592489847896,0.7849712626000468,0.39647902313743044,0.3069969330209661,0.3016453015098159,1.205900398340697,50118.099999999984,7118.960999999998,6516.134000000001,0.9153209295569961,0.14204371275048336,0.14225604535575714,0.13001558319249937,0.13043931883890583
Shoe,19,1.1005521673885466,0.11759953518501993,0.8537856850933416,0.4487660746955112,0.0636,0.09602400114514223,0.047700000000000006,0.14621431490665837,0.10737922253564838,0.12374443272090452,1.0820304645765377,0.13086547170672536,8.268265497880222,8.409797886603176,0.1712541185211758,0.9752858752362441,0.09865211085537143,0.3903970419926854,0.4487660746955112,0.23896787327384317,1311.59,293.95599999999996,205.932,0.7005538243818803,0.22412186735184011,0.26141274688996635,0.15700943130094008,0.1851428633077614
Software (Entertainment),27,1.9806076957456726,0.18061151101539016,0.8933284379810906,0.481395113849681,0.0636,0.08473617287947273,0.047700000000000006,0.10667156201890937,0.16643363252508503,0.18367156798112094,1.9180190005492208,0.15202145819681118,12.616764917924288,13.028474527467848,0.11940911929321936,1.8178103463691417,0.05224591317989269,0.5320335165524642,0.481395113849681,0.5914918115258723,28114.033999999996,2967.868,4064.0429999999997,1.3693476259725836,0.1055653557223414,0.12288895814904821,0.14455566924333949,0.15990950571290735
Software (Internet),19,0.8230941612624468,0.0977335419463912,0.7753152158894171,0.31383858764798545,0.0636,0.07433846358799708,0.047700000000000006,0.2246847841105829,0.0864917663758785,0.10254829494300965,0.7598407131478374,0.16693222898097304,4.551791573060731,4.930708505403491,0.28979798088037223,0.6761368424555995,0.11015976012324075,0.3836186583699244,0.31383858764798545,0.5484647993842793,637.02,96.445,190.19699999999997,1.9720773497848514,0.15140027000722112,0.20215404389013186,0.2985730432325515,0.4526991002998999
Software (System & Application),180,1.0122201911467834,0.11127496568610969,0.9678230683627481,0.3930331355986265,0.0636,0.06488884337983997,0.047700000000000006,0.03217693163725188,0.10922931836138709,0.12562186986426482,1.0845414422745552,0.1493107530801562,7.2636526164483834,6.779285284318281,0.03324670871059636,0.9875944913628848,0.08938980764842723,0.423451261761233,0.3930331355986265,0.43904814051025315,3497.368000000001,330.56200000000024,1720.3240000000005,5.204240051790585,0.09451736277108962,,0.4918910449229249,
Steel,112,1.1873827525173404,0.12381660508024157,0.6633250830147037,0.3310867880619942,0.0636,0.12763891208875192,0.047700000000000006,0.3366749169852963,0.09819005338364867,0.11441946303956474,1.0411846995552096,0.1894016543236031,5.497231284877209,6.269125561536184,0.5075564389260905,0.8600064095164888,0.17401167162379502,0.34542620292317433,0.3310867880619942,0.9198601864344599,15140.006999999998,2365.200000000001,9492.10699999999,4.01323651276847,0.15622185643639408,0.17769612592047992,0.6269552583430108,0.82288522744345
Telecom (Wireless),9,0.8147215202830294,0.09713406085226489,0.9331744548358994,0.20122710058700685,0.055900000000000005,0.14149547812180577,0.041925000000000004,0.06682554516410055,0.09344468526281428,0.10960396632581171,0.9904216099147867,0.1308868704053692,7.567005054421088,6.224623736206379,0.07161098851109457,0.773194598168325,0.21932781915486613,0.36439135683006474,0.20122710058700685,0.13713776204963993,26282.88,5877.991999999999,6874.295999999999,1.1694973385469052,0.22364337545961474,0.22402704693247966,0.2615503323836657,0.2616501826029532
Telecom. Equipment,123,0.6447997328309883,0.08496766087069876,0.8668512650804581,0.32863939150267846,0.0636,0.06272148537446547,0.047700000000000006,0.13314873491954193,0.08000551897235471,0.09596619166652753,0.6695016735833432,0.1269776393521994,5.2725950568850815,5.078057334508319,0.15360043906399962,0.578191842210878,0.1363847694117801,0.3595118894451626,0.32863939150267846,0.4088325788688418,4477.6100000000015,377.10799999999995,796.9329999999997,2.113275242105709,0.08422082316235667,0.10551518394215019,0.1779817804587714,0.2584214537023525
Telecom. Services,16,0.5649676012860699,0.07925168025208261,0.7577312593820185,0.23711721964412258,0.055900000000000005,0.13901219940222242,0.041925000000000004,0.24226874061798154,0.07020859243596048,0.08602448296457088,0.503901669395629,0.14662789414178914,3.4366016940020714,3.853070417418301,0.3197291092564509,0.45569369652361397,0.095669404965129,0.32677415442236524,0.23711721964412258,0.18696149151694227,10404.909999999998,2266.451,704.1700000000001,0.31069279679993084,0.21782514216845705,0.22632055231430806,0.06767670263366048,0.07043565840591175
Tobacco,2,1.2540599059021762,0.12859068926259581,0.9818461298923549,0.4197579479649628,0.0636,0.1521775154645026,0.047700000000000006,0.01815387010764513,0.12712221019680475,0.14377918867261985,1.563337372810425,0.1075076116046299,14.541643605289604,11.664847606457002,0.01848952657137371,1.2369075299215633,0.2088031979316377,0.4923029498664533,0.4197579479649628,1.4013611227378144,696.3,107.73,142.95000000000002,1.3269284321915902,0.15471779405428696,0.15471779405428696,0.20529943989659633,0.20529943989659633
Transportation,78,0.9136931154557647,0.10422042706663275,0.6249535672162337,0.26232575650875,0.0636,0.16922715378432612,0.047700000000000006,0.37504643278376626,0.08302264251587711,0.09902790324271282,0.7177879963170256,0.15716221138947042,4.567179285472411,5.813694700385085,0.6001188767580876,0.630094439839684,0.12217194621155232,0.32618537644241513,0.26232575650875,0.3018620396238244,14580.209000000008,3464.8790000000004,3737.73,1.0787476272620198,0.23764261541106843,0.2643897153373104,0.2563564075110307,0.2829036855294604
Transportation (Railroads),10,0.9558332817487285,0.10723766297320896,0.7981994089875275,0.22068570612589897,0.055900000000000005,0.22356019599188764,0.041925000000000004,0.2018005910124725,0.09405752898461696,0.11022586685138491,0.9047839125508763,0.20067641238817577,4.508670958302361,4.763057453408251,0.2528197700226884,0.8034813114626013,0.11196330934164211,0.2186248810026504,0.22068570612589897,0.25020292964108864,4923.1,1236.5400000000002,1660.94,1.3432157471654778,0.25117101013589,0.26515279289082333,0.3373768560459873,0.37652792890823356
Trucking,21,0.8792155769515168,0.1017518353097286,0.6976919575219998,0.3593814806660198,0.0636,0.11844729345359342,0.047700000000000006,0.30230804247800025,0.0854115307849013,0.10145209527925947,0.7424305020700902,0.12598754717385807,5.89288797761547,6.978591112169462,0.43329730150783335,0.663572459808925,0.10621605933658215,0.38250118313120623,0.3593814806660198,0.38486742658826517,327.47999999999996,59.701,180.708,3.0268839717927674,0.18230426285574694,0.22993689320388347,0.551813851227556,0.8772233009708738
Utility (General),4,0.7381196627126774,0.0916493678502277,0.568498986397156,0.2620875875346536,0.0636,0.0809643134471276,0.047700000000000006,0.431501013602844,0.0726851710756502,0.08853766128859086,0.6480496590852937,0.14627768176914827,4.430270231572504,5.0460169575120775,0.7590180878552972,0.4703605428405927,0.27419058671445773,0.26575626003525393,0.2620875875346536,3.4215780318746014,181.6,13.02,21.74,1.6697388632872503,0.07169603524229075,0.05313873195229128,0.1197136563876652,0.1364720652856246
Utility (Water),36,0.8074564760350644,0.09661388368411061,0.42761551631105843,0.2974826808395282,0.0636,0.1448494032431156,0.047700000000000006,0.5723844836889416,0.06861633562636002,0.08440869526615846,0.45784303699287293,0.12479624119559458,3.6687245754084072,6.470198687871766,1.338549378719397,0.4029400803623943,0.1199165482368868,0.28763719300961477,0.3453890519857248,0.3889770411221266,4871.980000000001,980.12,788.3169999999999,0.8043066155164672,0.20117488167028594,0.2438166820274145,0.1618062882031535,0.201259921724012
Total Market,7266,0.96958517151368,0.10822229828037948,0.5598411347584469,0.3453890519857248,0.0636,0.11388807566306426,0.047700000000000006,0.4401588652415531,0.08158287214747685,0.09756685547970578,0.7197130574470968,0.15248863001288868,4.719781779049789,6.358409616715217,0.7862210150589724,0.6099302099356347,0.1525369678589328,0.36772880823333526,0.3453890519857248,0.3108921642083063,1429870.752999998,261207.03999999986,548684.1290000002,2.100571749520995,0.18267877670199487,0.2038585809481856,0.3837298775772645,0.44035469088341533
Total Market (without financials),6957,0.9675462899319308,0.10807631435912625,0.7061124050895513,0.3471313157994295,0.0636,0.11441277001551961,0.047700000000000006,0.2938875949104487,0.09033246454256545,0.10644575219590391,0.8538017846875661,0.15172767858196967,5.627198627614318,6.376860827071981,0.41620511520850145,0.7373726030339328,0.13636558712071384,0.369319851161172,0.3471313157994295,0.3092720147763853,993551.6709999978,198922.96599999987,411006.3540000001,2.066158384145551,0.20021401181861664,0.2365648950776582,0.4136738591424512,0.5021845177543143
