,number_of_firms,beta,cost_of_equity,ede,std_dev_in_stock,cost_of_debt,tax_rate,aftertax_cost_of_debt,dde,cost_of_capital,average_unlevered_beta,average_correlation_with_the_market,total_unlevered_beta,total_levered_beta,de_ratio,unlevered_beta,cashfirm_value,hilo_risk,standard_deviation_of_equity,standard_deviation_in_operating_income_last_10_years,2019,20200,20210,20220,average_201923,total_taxable_income,total_taxes_paid_accrual,total_cash_taxes_paid,cash_taxesaccrual_taxes,average_across_only_moneymaking_companies,aggregate_tax_rate,average_across_only_moneymaking_companies,aggregate_tax_rate
Advertising,362,1.2935834925393561,0.14202796270464063,0.7344088338053408,0.39695739619251297,0.0695,0.14694787945259605,0.05235435,0.26559116619465917,0.11821144332952692,1.1743473424289956,0.21572536990748753,5.443714584578564,5.9964365484416655,0.36163939480207236,1.0166301121285481,0.1343020285414267,0.43289399542628587,0.39695739619251297,0.23176470937105792,0.91,0.96,1.16,1.18,1.0768694684857991,13474.739999999994,3378.401000000001,4627.522,1.3697373402387694,0.2507210528737477,0.31386741055720513,0.34342198810515095,0.42568464529897837
Aerospace/Defense,278,1.1580552633554024,0.13121281001576113,0.8114468320969139,0.36229340257411924,0.0695,0.10206462903742386,0.05235435,0.18855316790308607,0.11634379756383052,1.0573692747052328,0.2414807255816536,4.378690150770219,4.795642635932949,0.23236663259357768,0.9855439004775599,0.06792837275103915,0.38676516987379195,0.36229340257411924,0.15574359636043889,1.06,1.05,1.53,1.11,1.1614738549410466,51310.83099999999,8396.288000000004,11886.357999999995,1.4156682095707043,0.16363578286229677,0.20908946172885604,0.23165397574636817,0.4165584386797377
Air Transport,155,1.2354206917515256,0.13738657120177172,0.4762317771885619,0.3086331186196793,0.0695,0.08716398137962099,0.05235435,0.5237682228114381,0.09284939582121066,0.7616142271729274,0.25083390654816307,3.0363288506479824,4.925253960888698,1.099817878394231,0.6756497408604828,0.11287142918999861,0.3264776350320894,0.3086331186196793,2.1960734897196814,0.59,0.65,1.27,0.94,0.8423228454345854,23352.161999999997,3055.3269999999993,2798.8680000000013,0.9160616850504061,0.1308370077254517,,0.11985476976393028,
Apparel,1146,0.9023788899541185,0.11080983541833865,0.8463814759814549,0.34781354412233134,0.0695,0.1492327301321428,0.05235435,0.15361852401854514,0.10182999002758587,0.8419360205243345,0.17720960224116775,4.751074489623472,5.0921557214831665,0.1815003380602237,0.7938415371593289,0.05712367946326089,0.36521925608529593,0.34781354412233134,0.2771491086282674,0.75,0.7,0.7,0.9,0.7783872041048668,91004.79399999983,21642.635999999973,23136.400000000005,1.06901950390886,0.23781863623580107,0.2518693334745021,0.25423276052907773,0.27091349958558736
Auto & Truck,154,1.3526231349119202,0.14673932616597124,0.5757240705920758,0.33896789399772925,0.0695,0.11318086969170088,0.05235435,0.42427592940792425,0.10669405268100901,1.033835592637108,0.26259514039492027,3.9369943826161786,5.150983117500547,0.7369431835142799,0.8697761896886117,0.15869003168096918,0.4343868780141905,0.33896789399772925,0.2180467423389655,0.8,0.85,1.57,1.11,1.0727671185274217,179963.0550000001,38450.448999999986,40404.29900000001,1.0508147512139592,0.21365745874896358,0.22614765567136258,0.22451440936029893,0.2477618873561772
Auto Parts,746,1.413010159958089,0.1515582107646555,0.7394409527872077,0.31499751482799093,0.0695,0.1687494452117387,0.05235435,0.2605590472127923,0.12570974732398635,1.2875467841381958,0.2531935510713117,5.085227402871567,5.580750986663623,0.3523730275293185,1.1166133952889368,0.13275897307581822,0.33005617851029734,0.31499751482799093,0.21698771124047206,1.09,1.11,1.38,1.44,1.2615093568276392,38778.724000000046,9984.264000000005,12794.260999999997,1.281442578040804,0.2574675742296212,0.3108733047648698,0.3299299120827179,0.3727993660034192
Bank (Money Center),596,0.875215474102932,0.10864219483341397,0.2497440262204358,0.21675380851065218,0.0618,0.20949352175828576,0.04655394,0.7502559737795642,0.06206011074309724,0.4376114721606776,0.22894368062918363,1.9114372187868762,3.8228418085079374,3.0040997782159278,0.2682251288561191,0.3870701617309634,0.23431772612275084,0.21675380851065218,0.4375550151286764,0.38,0.4,2.03,0.59,0.7675222944321354,959451.5970000018,179199.96599999993,193089.41399999996,1.0775080950629201,0.18677332609619868,,0.2012497708104806,
Banks (Regional),800,0.563870289429285,0.08379684909645693,0.3408055194543923,0.17830180346656344,0.0618,0.19185771795778675,0.04655394,0.6591944805456077,0.05924652898061072,0.3577565862282306,0.2479673124010237,1.4427570423058456,2.2739702421638905,1.9342247789910672,0.22949062462033154,0.3585285821295037,0.18070867842041288,0.17830180346656344,,0.47,0.46,1.67,0.67,0.725551317245646,138875.9220000001,27533.261,46471.007000000034,1.6878134050303752,0.19825798888305474,0.19860137843458578,0.33462249129118293,0.3360471645244684
Beverage (Alcoholic),220,0.8721564431804729,0.10839808416580174,0.8592841751109199,0.2857195762521225,0.0695,0.17138891309925858,0.05235435,0.14071582488908008,0.10051184388279663,0.810718193165097,0.20949462473061736,3.8698758701211275,4.163144731288222,0.16375935803881858,0.7763820163319782,0.0423527893201312,0.29705625475632036,0.2857195762521225,0.14460102415426296,0.8,0.8,0.9,0.86,0.8341436386330194,73219.20200000003,17436.25,28430.762999999988,1.630554907161803,0.23813766776644182,0.2392874897588812,0.38829654275663883,0.39041643860943825
Beverage (Soft),100,0.8559001919036798,0.10710083531391365,0.8667150226800464,0.31052361417890234,0.0695,0.13376209970213782,0.05235435,0.1332849773199536,0.0998039512605015,0.7947183264713243,0.18876463765397603,4.210101724286519,4.534218922257188,0.15378177813026855,0.7670430051007482,0.03482406338036651,0.4035093024041419,0.31052361417890234,0.12436888236636623,0.68,0.71,0.54,0.82,0.7089436652942649,37120.05399999999,7412.084,7338.795999999999,0.9901123624610838,0.19967869658810308,0.20304484018677374,0.19770434601199668,0.200424259071901
Broadcasting,135,1.0569743272387224,0.12314655131365004,0.5535880447646953,0.3471662204267433,0.0695,0.16495354784780936,0.05235435,0.44641195523530475,0.09154406630981221,0.7444295667373665,0.23166542437437565,3.2133822677585,4.562503576410402,0.8063973914484621,0.6575435052053346,0.11671495251435286,0.3710090994473476,0.3471662204267433,0.141123143694193,0.61,0.69,0.74,0.81,0.7188859133474733,20179.593000000015,4795.892999999999,3663.7369999999996,0.763932181139154,0.23766054151835447,0.24817881371153214,0.181556535852829,0.19445538393470913
Brokerage & Investment Banking,592,0.9914624277631093,0.11791870173549612,0.2942221168151078,0.349876137221484,0.0695,0.14882513818935492,0.05235435,0.7057778831848922,0.07164483235522795,0.4509503326169772,0.20370470647222022,2.2137452807379026,4.867155231380567,2.3987927584261453,0.3532093655395008,0.21674441730702626,0.36889500437836986,0.349876137221484,0.6011560183139996,0.42,0.44,0.42,0.45,0.4361900665233954,98927.16799999992,20017.870999999977,28582.45600000003,1.4278469473601896,0.2023495810574502,0.20873281289015827,0.2889242316124935,0.29899789913966573
Building Materials,454,1.1065292223300869,0.12710103194194095,0.7982290632311924,0.29868072216447483,0.0695,0.17672316160144674,0.05235435,0.20177093676880764,0.11201932390615539,0.9975517318295956,0.24558994140597112,4.061859073375477,4.505596670593869,0.25277322771492267,0.9295330490038726,0.06818561950764288,0.32808663804141985,0.29868072216447483,0.278655595945401,0.81,0.83,1.04,1.05,0.9455103463659192,48661.26800000001,10531.035,11779.458999999983,1.1185471323568845,0.2164151373942824,0.22386475827646887,0.24207053133099574,0.2536845988350515
Business & Consumer Services,961,1.094243034645496,0.12612059416471058,0.8112944661921118,0.35508042862954164,0.0695,0.16395074692763018,0.05235435,0.18870553380788824,0.11220049568260584,0.9967488441793113,0.22517320222193063,4.426587330746916,4.859561545725191,0.23259807834459384,0.9310993990484501,0.06586357788547506,0.38221100036956196,0.35508042862954164,0.17728507138172875,0.92,0.88,0.64,1.04,0.8953497688358624,48424.20499999998,11692.833999999988,13167.578000000016,1.126123743824639,0.24146672103341693,0.30701685547511953,0.27192140789921115,0.354003664302687
Cable TV,54,1.023983376282326,0.12051387342732961,0.5054901819523565,0.26282180998895055,0.0695,0.13227912597836108,0.05235435,0.4945098180476435,0.08680831989906676,0.6054329946472208,0.24953774045083194,2.426218148619139,4.103521072332898,0.9782777899616105,0.5895340920300889,0.02626038349032505,0.33376491168446265,0.26282180998895055,0.23694928995702935,0.72,0.79,1.13,0.72,0.7930865989294441,31190.930999999997,8855.317999999997,7963.904000000001,0.8993357437869542,0.2839068189404157,0.29504040766774237,0.2553275501779669,0.2716460585196245
Chemical (Basic),879,1.1399114789559386,0.1297649360206839,0.7294815581304673,0.3264943738808307,0.0695,0.15722778869143017,0.05235435,0.27051844186953267,0.10882394490616107,0.9877865839791308,0.2028815939025555,4.868783633736469,5.618604709421993,0.37083657407710724,0.8910074784392419,0.09797572381478462,0.3404058068165154,0.3264943738808307,0.4060127467759213,0.95,0.9,1.04,1.02,0.9795573167958261,102204.15200000006,19247.61200000002,25160.652999999973,1.3072090709226656,0.18832514749498638,0.1853022132364499,0.2461803410882951,0.253641224685957
Chemical (Diversified),68,1.1958248741877604,0.1342268249601833,0.6571206031117857,0.2492126497097023,0.0618,0.21226360049674067,0.04655394,0.34287939688821434,0.10416559904158584,0.9419506953199124,0.2564821611783529,3.672577815908599,4.662409536373979,0.521790665616804,0.8584128901454968,0.08868596370221245,0.2464576111331997,0.2492126497097023,0.20076155432781934,0.96,0.95,1.08,1.15,1.0163901390639825,28775.989999999994,6362.215999999998,6057.0019999999995,0.9520270924470344,0.22109460004677506,0.22700876646764298,0.21048804923827125,0.21215134704677507
Chemical (Specialty),922,1.1068628177675968,0.1271276528578542,0.8254092060846219,0.3414918749663052,0.0695,0.15929122981267427,0.05235435,0.17459079391537813,0.11407292254822643,1.0212013193407876,0.21904965742217225,4.661962640610921,5.0530223639398395,0.21152028912248275,0.95473675024367,0.06508468784590125,0.3576947397473422,0.3414918749663052,0.2341145808219371,1.04,0.98,1.15,1.04,1.0462402638681576,149636.57800000018,32502.679000000004,29469.601999999995,0.9066822461003904,0.2172107878596366,0.23068685635436043,0.19694116501381073,0.21031820189168585
Coal & Related Energy,212,1.211961212621946,0.13551450476723126,0.8044495474504884,0.5872695030181825,0.0733,0.09540978288399324,0.05521689,0.19555045254951164,0.11981226986085283,1.3528350871710502,0.1897412359313511,7.129894988459491,6.387442385272735,0.24308603711601592,1.0243800975641317,0.24279011737769118,0.4816592094866767,0.5872695030181825,0.5253174716449277,1.23,1.27,1.84,1.09,1.3565670174342102,94893.41499999998,21905.987999999998,31009.998,1.4155945853709042,0.23084834706391377,0.2343017050020474,0.32678767014549964,0.33193568526783274
Computer Services,1105,1.088247192028082,0.12564212592384094,0.8595017006129042,0.33786373564723465,0.0695,0.16622237475120769,0.05235435,0.1404982993870958,0.11534531804067875,1.0374271307252976,0.21705384905448336,4.779584122762503,5.013719852325299,0.16346483001360837,0.968934482968661,0.06602164694570047,0.35715290547034784,0.33786373564723465,0.09737003720097796,1.01,0.98,0.77,1.09,0.9774854261450596,70628.81200000009,16269.707999999997,18802.15100000007,1.155653869141356,0.23035511343444337,0.25445675532397627,0.26621077811701044,0.300354262467518
Computers/Peripherals,333,1.2620051937696362,0.13950801446281696,0.8940778678714469,0.3292446932773343,0.0695,0.14043645453746695,0.05235435,0.10592213212855306,0.1302765125000989,1.2200041411476166,0.2301245862912581,5.301494120248036,5.484008528199478,0.11847081326453635,1.1586064463471801,0.05032580851953635,0.3545611382309401,0.3292446932773343,0.23120092269843923,1.35,1.35,0.64,1.33,1.1780008282295233,198254.489,37081.875,36789.650999999976,0.9921194923395857,0.1870417925316183,0.1888941751861649,0.18556780825275526,0.18858868322656744
Construction Supplies,790,1.1168579550772775,0.12792526481516675,0.6886676748143353,0.30150511958275444,0.0695,0.1483432166349078,0.05235435,0.31133232518566467,0.1043975961893531,0.9372739963088855,0.22862134288312178,4.09967846610038,4.885186750251264,0.45207919083700254,0.8331333482129638,0.11111014335833697,0.3322058298976089,0.30150511958275444,0.27895350928864227,0.92,0.96,1.04,1.02,0.975454799261777,98650.71999999999,21788.625999999967,28002.95599999998,1.2852098154330622,0.2208663656991046,0.24476843745257168,0.28385962109551743,0.31909167471613886
Diversified,314,0.9639252546213195,0.1157212353187813,0.6414180111165997,0.27349373371508195,0.0695,0.13386535096563182,0.05235435,0.3585819888834003,0.09299901155182635,0.7347087450687306,0.22465874729100332,3.2703322435829887,4.290619734350851,0.5590457122636298,0.6782812559737097,0.07680252817698845,0.31288662420834684,0.27349373371508195,0.30084069653566187,0.66,0.69,1.32,0.82,0.8449417490137462,160491.93500000006,27527.469999999994,34272.828999999976,1.2450410081275172,0.1715193352239163,0.17074639582935494,0.2135486060405463,0.2426818537043495
Drugs (Biotechnology),1267,1.268267613064147,0.14000775552251893,0.8860427545661388,0.5169419464088241,0.0733,0.02474659263605265,0.05521689,0.11395724543386121,0.1303452220496197,1.2526532845890637,0.2087269961984611,6.001395638339087,6.076203060280028,0.12861370949267759,1.1562451409461891,0.07696315080074337,0.5632862969515499,0.5169419464088241,0.27352353873626795,1.38,1.4,0.82,1.1,1.1905306569178127,75626.82900000001,11189.650000000014,16237.587999999992,1.451125638424792,0.14795873564922327,1.7801902828793676,0.21470671472950412,2.7959378493289107
Drugs (Pharmaceutical),1352,1.0635869533243638,0.12367423887528423,0.8684708350986906,0.44281720798926644,0.0695,0.09803387200596683,0.05235435,0.1315291649013094,0.11429359345066391,0.995463542798184,0.17811866237735782,5.5887661040774015,5.971226928883368,0.1514491443876325,0.9546716697709774,0.040977766913033724,0.46716692912715696,0.44281720798926644,0.13307325508475168,1.19,1.2,1.13,1.02,1.1070927085596367,224060.1340000001,31509.74599999997,55436.3310000001,1.759339189849393,0.14063075584878457,0.15316169969887955,0.24741720006290843,0.2869647466617658
Education,251,0.8787672588238772,0.1089256272541454,0.7525824998224298,0.34117555150021905,0.0695,0.13161523431932237,0.05235435,0.24741750017757025,0.0949289032540725,0.7917217099759216,0.17091524078885767,4.6322475767622455,5.141538313189247,0.32875797701374654,0.704336052010734,0.1103742096043384,0.39612774648641985,0.34117555150021905,0.18852611472125777,1.06,1.02,0.65,1.0,0.9043443419951842,4166.293999999999,843.3620000000001,1136.1579999999992,1.3471771315283343,0.2024249848906487,0.2681807194909555,0.27270231049465055,0.5757295825578194
Electrical Equipment,1045,1.1360186851537797,0.12945429107527162,0.8569825849180281,0.37245108102966507,0.0695,0.11696572849960604,0.05235435,0.14301741508197185,0.11842765679971393,1.102323689949516,0.20656084778341685,5.3365567665820395,5.499680589735562,0.16688485577061257,1.009153586070293,0.08452154728117099,0.38726373019236693,0.37245108102966507,0.16078797447321305,1.11,1.15,1.12,1.08,1.112464737989903,69979.48200000012,12675.945000000023,15737.804999999982,1.241548854937439,0.181138022713572,0.22527655553513667,0.22489170468566708,0.2866097656612874
Electronics (Consumer & Office),134,1.2725160060597946,0.1403467772835716,0.6928490529005363,0.34632531120576865,0.0695,0.12554756180518867,0.05235435,0.30715094709946367,0.11331981990584189,1.0955088212486108,0.23020983940279588,4.758740217579535,5.527635175633332,0.4433158215539302,0.953945941645626,0.12922112251149012,0.39500286560191095,0.34632531120576865,0.47045106420381544,1.3,1.3,1.59,1.19,1.295101764249722,17612.995999999996,3870.5649999999996,3870.54,0.9999935409946611,0.21975619593622803,0.22356257814977473,0.21975477652978523,0.22713109022500794
Electronics (General),1457,1.2955238162109064,0.14218280053363033,0.8365787529966175,0.33176265991369114,0.0695,0.12428122333870883,0.05235435,0.16342124700338245,0.1275029231310428,1.2905124151341338,0.23319201819932533,5.534119156818839,5.5556096054005275,0.19534472566749875,1.1293381186694775,0.12489170547646704,0.36160435904068144,0.33176265991369114,0.34834982762547273,1.36,1.38,0.64,1.31,1.1961024830268268,93688.47999999992,17903.948000000004,15539.966000000008,0.8679630883646448,0.19110084825797172,0.20709094955609994,0.16586848244309246,0.18669647729767694
Engineering/Construction,1269,1.0295667164846354,0.1209594239754739,0.48961529572436946,0.3227938598626329,0.0695,0.1588311227879249,0.05235435,0.5103847042756305,0.0859444435826939,0.7301374520654016,0.1946163443778,3.7516759160166857,5.2902376713334185,1.0424198523465928,0.5767057303880642,0.21014087312370036,0.35039244400634695,0.3227938598626329,0.2428759831648638,0.88,0.81,0.75,0.84,0.8020274904130803,98508.84400000017,22134.25,41142.12700000001,1.8587540576256258,0.224693023501524,0.251220015623351,0.4176490691536278,0.454626283309446
Entertainment,752,1.2013486787553214,0.13466762456467463,0.7911572318682967,0.42673745588286965,0.0695,0.0866058635012888,0.05235435,0.20884276813170333,0.11747709245060305,1.101640081025748,0.19692629814806423,5.594174528165105,6.1004989686652,0.2639712559266213,1.0020846082578625,0.090370234782297,0.4608806251245198,0.42673745588286965,0.22995171351257215,1.24,1.17,0.47,1.11,1.0183280162051496,36972.48300000001,8459.063999999998,9787.706000000015,1.1570672594509295,0.22879350569990112,0.38790570567984295,0.2647294746203552,0.5242391287813806
Environmental & Waste Services,370,1.0880867288276126,0.1256293209604435,0.7277392737388919,0.38236707668331305,0.0695,0.1268124842999089,0.05235435,0.2722607262611081,0.10567942414999154,0.89640526150774,0.18769922007255813,4.775753789287032,5.7969698990064815,0.3741185010701972,0.8488584871177863,0.0530416056572234,0.4035014250939548,0.38236707668331305,0.2558741755090889,0.98,1.01,0.96,0.9,0.949281052301548,15298.344999999998,3343.211,2814.1010000000015,0.8417359837593265,0.218534161701805,0.24883609915413302,0.18394806758508858,0.22292561063502375
Farming/Agriculture,426,0.8419168951866424,0.10598496823589405,0.6828517463261962,0.34158621718358206,0.0695,0.12620847194628598,0.05235435,0.31714825367380384,0.08897611131893379,0.659688782675045,0.16357866585037806,4.032853424042768,5.146862464061945,0.46444671977495844,0.6237032610312532,0.05454923986712373,0.37933135060562206,0.34158621718358206,0.19125534436034336,0.59,0.6,0.73,0.77,0.6699377565350091,45805.83900000002,9450.100999999995,9099.287999999999,0.9628773279777648,0.20630778097962557,0.23962828203824085,0.19864908489068378,0.2317916589333049
Financial Svcs. (Non-bank & Insurance),1089,0.8817936764299235,0.1091671353791079,0.1280673624757438,0.3312368784924336,0.0695,0.15559561784493603,0.05235435,0.8719326375242562,0.05963021357840285,0.15539901285715607,0.20922242048218775,0.7427455073840236,4.214623243520861,6.808390683374947,0.14387797457533422,0.07413842642882214,0.3565315219729359,0.3312368784924336,0.39895139421257997,0.13,0.15,0.3,0.2,0.18707980257143123,252735.04799999995,54844.4619999999,43737.75099999991,0.7974871008854092,0.21700378492815886,0.8621072614197816,0.17305771932351827,0.6714446849119876
Food Processing,1397,0.7960380934460616,0.10232383985699571,0.77523471166476,0.2917088789119689,0.0695,0.15179277832117272,0.05235435,0.22476528833524,0.09109243306132322,0.6918080464880533,0.16389694950019673,4.2209940367878716,4.856942706216177,0.289931919911807,0.6533440244655644,0.05559926950510412,0.3329647449279708,0.2917088789119689,0.17907144958602636,0.66,0.65,0.97,0.77,0.7483616092976108,121265.92100000015,24846.01499999997,28527.096000000016,1.1481557907777182,0.20488868426604323,0.2161377477824478,0.23524412930488509,0.24882123658164879
Food Wholesalers,169,0.6883974795696614,0.09373411886965897,0.5953272445320069,0.31458186609200384,0.0695,0.16633640918514456,0.05235435,0.4046727554679931,0.0769888537805454,0.4847061410486548,0.18214502217704137,2.6611001237109293,3.7793922191326894,0.6797484227117988,0.4552729320048669,0.06072382120042784,0.3326841843873748,0.31458186609200384,0.16080476386926493,0.6,0.52,0.43,0.6,0.526941228209731,7579.1590000000015,1758.6880000000012,1548.1650000000004,0.8802954247711927,0.23204263164290403,0.2232464323054371,0.2042660669871156,0.23001862982046045
Furn/Home Furnishings,362,1.0821054084407624,0.12515201159357284,0.795701591276555,0.30125928200266844,0.0695,0.1503942534844897,0.05235435,0.20429840872344496,0.11027956517121806,1.0884231491124254,0.21873419810632705,4.976008134692048,4.947124948037386,0.25675254512899254,0.9067327021109872,0.16692997309879082,0.3522607669321419,0.30125928200266844,0.30024526826088616,0.97,1.01,0.9,1.15,1.023684629822485,25483.761999999988,4948.050000000001,7227.878999999995,1.460753023918512,0.19416481758070114,0.2093932063174104,0.28362684441959546,0.30829102187175456
Green & Renewable Energy,248,1.0336423067859184,0.12128465608151628,0.6160885270092242,0.36974872492744715,0.0695,0.10379044597594156,0.05235435,0.38391147299077577,0.09482152074005634,0.7390903503257963,0.18402017404598153,4.016355022798305,5.617005375332598,0.6231433570991132,0.7034385023751756,0.048237469119851294,0.3831685284266511,0.36974872492744715,0.40322237432255803,0.65,0.59,0.75,0.76,0.6978180700651592,21624.495999999985,3501.923999999999,7318.0459999999985,2.089721535932819,0.16194245636985027,0.17159805145776688,0.338414638657937,0.35753920765549274
Healthcare Products,896,1.1305011645147018,0.1290139929282732,0.8838083781544379,0.43161496413982586,0.0695,0.07891798494831546,0.05235435,0.11619162184556209,0.12010678468633545,1.0775359783236322,0.22470067991105735,4.795428205869917,5.031142606965787,0.13146698392720899,1.0286315830635437,0.04538539431061142,0.4707134380076722,0.43161496413982586,0.3463949995352221,1.13,1.13,0.49,1.01,0.9675071956647263,67873.97900000005,12423.884000000005,16078.628999999994,1.2941708889104233,0.18304340165470476,0.23297349432770917,0.23688944182865693,0.30790490304534696
Healthcare Support Services,460,1.0131363720531945,0.11964828248984492,0.7851936792794759,0.38241271592555787,0.0695,0.14377854804790394,0.05235435,0.21480632072052408,0.105193120444886,0.920550044362433,0.1982083250777901,4.644356103615467,5.111472344340595,0.27357112823123925,0.8400233998354952,0.08747666139401478,0.4271733619949006,0.38241271592555787,0.2683147313053442,0.95,0.82,0.8,0.85,0.8681100088724865,88785.63299999991,20097.222000000005,23148.46700000002,1.1518242172972968,0.22635668993878802,0.26350850370246165,0.2607231172187514,0.3098492224698908
Heathcare Information and Technology,447,1.337779775787863,0.14555482610787146,0.8933934560972727,0.45081477143098153,0.0695,0.07725729610883207,0.05235435,0.10660654390272728,0.13561904545992257,1.2736117177372563,0.2535772015397059,5.022579750876501,5.275631120088645,0.11932765253109254,1.2274453056379246,0.03624841971566701,0.4916822906703612,0.45081477143098153,0.5148348750489447,1.23,1.23,1.24,1.03,1.2007223435474512,39546.99899999997,6711.921999999996,9127.49300000001,1.3598925911236774,0.16972013476926534,0.48748220270074627,0.23080115383723598,0.9152459995622048
Homebuilding,171,1.1397794466928413,0.12975439984608872,0.6846716256620489,0.28509702105698664,0.0695,0.19464553872415333,0.05235435,0.31532837433795113,0.10534796795444518,0.9748955450608979,0.28268847931952984,3.448656794955373,4.031927475206799,0.46055417300671947,0.8462019761066913,0.13200754645582835,0.3301512358879997,0.28509702105698664,0.4537324449217447,0.74,0.75,0.91,1.37,0.9489791090121796,46873.23,11032.781000000003,8426.784000000001,0.7637950939114988,0.23537488242222698,0.23619405576868518,0.17977818042409283,0.18155243787632108
Hospitals/Healthcare Facilities,231,0.7679402317477074,0.10008163049346705,0.6601699527045994,0.31837828004373,0.0695,0.15518125789153106,0.05235435,0.33983004729540056,0.0838624665060913,0.5707105333941709,0.16987599222641506,3.3595714492340583,4.520593061344284,0.5147614578688062,0.5533628331657751,0.03039667083981135,0.3595903612995441,0.31837828004373,0.19677736444308325,0.56,0.5,0.73,0.74,0.6201421066788342,20510.43500000001,4400.962999999998,4143.962999999997,0.9416036899196832,0.21457189962085135,0.22503947832599397,0.2020416924360695,0.21712295991535868
Hotel/Gaming,650,0.9705863973229032,0.11625279450636768,0.6394399152179693,0.3499130792336531,0.0695,0.08360157027839987,0.05235435,0.3605600847820307,0.09321356593771186,0.7452374087131339,0.19339082233829463,3.8535303780316177,5.018782099313255,0.563868592186843,0.6812269375014792,0.08589272420205946,0.35867671029700754,0.3499130792336531,0.9438908209572758,0.72,0.68,0.81,0.95,0.7810474817426268,28485.17900000002,6619.682000000005,6797.532000000003,1.026866849495187,0.23239039501910805,,0.23863399278621344,
Household Products,589,1.0240740179746777,0.12052110663437927,0.8771140135072771,0.3789198008021104,0.0695,0.11695986517649924,0.05235435,0.12288598649272287,0.11214436749935422,0.959250721543237,0.19091290014619614,5.024546381143797,5.36409020653119,0.14010263728582345,0.926311712786203,0.03433826841854432,0.4349820087100671,0.3789198008021104,0.1162959680212393,0.94,0.96,0.74,1.0,0.9198501443086474,68309.06399999994,14791.031000000006,17488.767000000007,1.1823899902582855,0.21653101556185894,0.22687673030480665,0.2560241053808031,0.27097137443442404
Information Services,242,1.4107202256089806,0.15137547400359663,0.876918753289192,0.40765639840290036,0.0695,0.15757329020462577,0.05235435,0.123081246710808,0.13918783061052845,1.341638572668401,0.2759207862807698,4.8624048617460245,5.112772562823405,0.14035649967474015,1.2758263973728798,0.04905358017891997,0.42563736147975345,0.40765639840290036,0.25745867685391655,1.12,1.05,1.32,1.23,1.2123277145336804,56855.93100000003,11270.604999999987,12729.625,1.1294535652700113,0.19823094621386078,0.21906861729917568,0.2238926489480929,0.2492450325695316
Insurance (General),206,0.6906668147572236,0.09391521181762644,0.7081172141589045,0.2527216619310413,0.0695,0.15161157710226905,0.05235435,0.2918827858410955,0.08178431168834083,0.6092906981965142,0.20925143361109275,2.9117635548864156,3.300655115419053,0.4121955800605573,0.5270226342984654,0.13502268152387734,0.2681367395906554,0.2527216619310413,0.12477704640831966,0.58,0.54,1.33,0.72,0.7558581396393029,88714.46699999999,18272.88499999999,13041.6,0.7137132423259932,0.20597412821067834,0.20747927907547703,0.14700646288051308,0.15472401914574496
Insurance (Life),142,0.903786502197535,0.11092216287536329,0.5038234893631959,0.23901505811759377,0.0618,0.13375119623847986,0.04655394,0.4961765106368041,0.07898416265317341,0.7962762006298993,0.2824028306868788,2.8196466681766035,3.2003450531968314,0.9848221075677575,0.5188609491612982,0.34839073583908453,0.28478714944052114,0.23901505811759377,0.2221763387102557,0.94,0.98,1.17,1.0,0.9772552401259798,111306.00399999997,17530.012,20752.024000000005,1.1837997600914367,0.1574938581031083,0.13855116519420355,0.18644119143833437,0.20393245028417709
Insurance (Prop/Cas.),235,0.7457504789241671,0.09831088821814854,0.7981861806785644,0.26692529380793906,0.0695,0.15806135129289095,0.05235435,0.2018138193214356,0.08903622371755246,0.690694218235931,0.22441038317465212,3.077817561134788,3.323154964464238,0.25284053295669323,0.6264364099968289,0.09303365591103377,0.3006223316059028,0.26692529380793906,0.16659362316321272,0.52,0.5,1.19,0.82,0.7441388436471862,53373.02999999995,10403.270999999995,16052.024000000003,1.5429785497272934,0.194916252646702,0.20298701139791767,0.30075159682708696,0.33010608436303707
Investments & Asset Management,1660,0.7921833492421216,0.1020162312695213,0.5674198405394799,0.26550357638295474,0.0695,0.05758468520774841,0.05235435,0.4325801594605201,0.08053348675084236,0.565197064061528,0.19739651467812186,2.863257565530719,4.013157732464879,0.7623634715508719,0.5032009050390648,0.10968945694260411,0.2576393382919001,0.26550357638295474,0.3412429355301553,0.57,0.55,0.55,0.72,0.5910394128123055,98915.19799999997,16191.409999999985,15713.331999999993,0.970473355933795,0.16368981033632454,0.17462551383493172,0.1588565995692593,0.17867557473264423
Machinery,1463,1.1021402522422057,0.126750792128928,0.8528172981848763,0.31622845943757366,0.0695,0.15892227265306122,0.05235435,0.14718270181512372,0.11580092277095988,1.0629501446657796,0.22712802590327372,4.6799603018539635,4.852506633028064,0.17258409524336002,0.9753387970748251,0.08242281919863878,0.3291847731521568,0.31622845943757366,0.1544889443895435,1.12,1.16,1.01,1.13,1.0965900289331558,79055.67000000003,17542.78299999997,19711.419000000016,1.123619838425867,0.22190417208531613,0.23573062367872227,0.24933592998452875,0.27093621599344087
Metals & Mining,1783,1.1980661936405959,0.13440568225251953,0.7899069113622431,0.6169041114227474,0.0733,0.043555041675517624,0.05521689,0.2100930886377569,0.11776866430269403,1.109674282355319,0.18512838605510823,5.994079600656141,6.471542366733325,0.2659719589937989,0.9980918312749252,0.10055423727001807,0.507181647249953,0.6169041114227474,0.5243484807284703,1.24,1.09,0.82,1.01,1.0539348564710638,207595.61100000003,56044.51700000003,55890.25800000002,0.9972475630399312,0.26996966231622316,0.2760476961797236,0.26922658783956666,0.27740287917645606
Office Equipment & Services,144,0.9252414781010465,0.1126342699524635,0.7486844608815131,0.33105972711523934,0.0695,0.17428981019463172,0.05235435,0.2513155391184869,0.0974849893715909,0.8344943817237243,0.19612076661509853,4.2550026502878255,4.717712938155607,0.335676179017505,0.7385006184351341,0.11503224634095943,0.346895245167503,0.33105972711523934,0.08286057997897317,0.86,0.94,0.71,1.05,0.878898876344745,2538.1159999999995,611.8929999999999,601.8320000000003,0.9835575827799965,0.24108157389181584,0.29750790884502676,0.2371176100698315,0.3027860063753745
Oil/Gas (Integrated),36,1.084261071514385,0.12532403350684793,0.8373152931671868,0.290654684170079,0.0695,0.2576467731803135,0.05235435,0.16268470683281322,0.11345298193785319,1.0257376245751695,0.2511935107363134,4.083455904447795,4.31643742840384,0.19429324671409043,0.9458285604017942,0.07790400026173488,0.3042421744289674,0.290654684170079,0.5528220864013578,1.11,1.14,0.99,1.15,1.083147524915034,764139.1599999999,320870.7329999999,152458.02,0.4751384414981844,0.4199113849890901,0.41991922523650577,0.19951604103106038,0.19951979048448631
Oil/Gas (Production and Exploration),616,1.3064445801888949,0.1430542774990738,0.7923184832507888,0.5761526246802835,0.0733,0.07729075896123855,0.05521689,0.2076815167492112,0.12481207563597795,1.1719532510287904,0.18500547115230068,6.334695097011548,7.061653755706502,0.2621187327312101,1.0910185569193993,0.0690596609022956,0.4962974961635102,0.5761526246802835,1.2659828831353592,1.16,1.14,0.64,1.21,1.0643906502057578,240236.311,68659.96699999998,34413.72599999994,0.5012196699715855,0.2858017870579106,0.2910587202453356,0.14324947738645527,0.14684420525895706
Oil/Gas Distribution,166,0.9598833157432468,0.1153986885963111,0.5773381191541759,0.3169291940181764,0.0695,0.11717454156476204,0.05235435,0.4226618808458241,0.08875224986851327,0.640895646239336,0.20959183133122464,3.0578274075314904,4.579774458033685,0.7320872584423165,0.6186882794388107,0.03465051905225817,0.36809312559013424,0.3169291940181764,0.29733541252975404,0.75,0.83,1.03,0.75,0.8001791292478672,32727.83499999998,5078.027999999997,2581.281000000001,0.5083235066840912,0.15515930094367683,0.19343838748007733,0.07887111995034203,0.09980087234484071
Oilfield Svcs/Equip.,455,1.1458047060134187,0.1302352155398708,0.6821947992932357,0.38678554871410087,0.0695,0.12164722805997288,0.05235435,0.3178052007067643,0.10548427143575564,0.9186144133116347,0.18316248393940676,5.015297857696273,6.255673549352334,0.4658569678866145,0.8481599048729229,0.07669649791877424,0.3974411197574169,0.38678554871410087,0.38536101039880777,1.07,1.06,1.22,1.06,1.065722882662327,129081.6779999999,28948.517999999975,16394.61600000001,0.5663369710325076,0.22426511994986614,0.23995267206636486,0.12700962874064917,0.13719654605735274
Packaging & Container,414,0.8357668353157656,0.10549419345819809,0.6713929393615732,0.2944983294261341,0.0695,0.16483359072914733,0.05235435,0.3286070606384268,0.08803206569661348,0.6454232908587869,0.19352291856637172,3.335125863335039,4.318696935263128,0.48944074531212534,0.6106301255324202,0.05390751436947923,0.32699064372206454,0.2944983294261341,0.14513397174026643,0.61,0.61,0.72,0.8,0.6770846581717572,24477.596999999987,5204.312000000002,5804.500999999992,1.1153253302261643,0.21261531513898216,0.20097603392851324,0.2371352465685253,0.24853869804024176
Paper/Forest Products,268,0.9932645149292465,0.11806250829135387,0.6196104159781373,0.3119027435891214,0.0695,0.15821279261855972,0.05235435,0.38038958402186274,0.09306780929206306,0.752359681166661,0.19278007551741697,3.90268381806235,5.152319358021565,0.6139173490512861,0.6791719702716396,0.09727755583809529,0.3369474597484038,0.3119027435891214,0.4069277169771662,0.77,0.74,0.64,0.89,0.7584719362333322,31713.863999999994,6452.272000000002,6157.3979999999965,0.9542991987938504,0.20345272338936696,0.20763796042251476,0.19415477092289976,0.20008237388874445
Power,485,0.7285185003020899,0.09693577632410677,0.5098146520829336,0.25944771221610685,0.0695,0.14669930155116612,0.05235435,0.49018534791706636,0.07508261435078543,0.4433046474349577,0.19079134288256952,2.323505043453717,3.818404385100884,0.9614971753250549,0.4225020387651707,0.0469262138129043,0.2856247136744554,0.25944771221610685,0.08489297406971341,0.49,0.51,0.65,0.54,0.5266609294869915,152526.1160000001,29452.034000000007,29939.65800000002,1.0165565475036467,0.19309502380562807,0.23023166207791743,0.19629201073998373,0.5168434007027018
Precious Metals,930,1.1408458156282186,0.12983949608713186,0.8456687397201023,0.6291256354607682,0.0733,0.041166339974379774,0.05521689,0.15433126027989774,0.11832289524433443,1.1011319908908235,0.19215238087654893,5.730514427496278,5.937193233953065,0.18249611583251613,1.0029640155388828,0.08915186931634057,0.541696289425715,0.6291256354607682,0.8545404529194207,1.15,1.0,0.32,0.99,0.9122263981781646,38459.268999999986,10740.557999999995,12945.110000000006,1.2052548852676008,0.2792709866638391,0.33388790780494576,0.336592720990095,0.3959750434758244
Publishing & Newspapers,327,0.8891333269114582,0.10975283948753436,0.7700788915257948,0.31440209547156556,0.0695,0.1389908224431033,0.05235435,0.22992110847420522,0.09655571515981545,0.8690395285125317,0.18371593476296225,4.730343775752505,4.8397180574382626,0.2985682519081277,0.725875586052627,0.16473812497913354,0.32842913638060095,0.31440209547156556,0.08474524685795144,0.9,0.85,0.73,0.94,0.8578079057025064,9861.727000000004,1618.5649999999991,2000.2649999999992,1.2358261793625838,0.16412591831025117,0.3492944154872395,0.20283110655973322,0.3984855173688779
R.E.I.T.,792,0.7926064302783233,0.1020499931362102,0.560674257160011,0.188502700447128,0.0618,0.030282009159863846,0.04655394,0.43932574283998904,0.07766914836745716,0.5091699845154034,0.3121525565659615,1.6311575023343106,2.5391636672718914,0.7835668166134652,0.4984128319911584,0.021126839466947385,0.240091655371124,0.188502700447128,0.19282384956877388,0.34,0.35,1.16,0.77,0.6258339969030806,124602.37200000008,5591.680999999999,3216.666999999997,0.5752593897970929,0.044876200270087915,0.047214750335877895,0.02581545558378291,0.027837300073180606
Real Estate (Development),869,1.0176524508975406,0.12000866558162374,0.33049609160993376,0.32556181158049086,0.0695,0.1588441324948116,0.05235435,0.6695039083900662,0.0747138368802717,0.5012546023244221,0.17918104446292377,2.797475613711706,5.6794648895358675,2.025754389798487,0.40287099600903203,0.19627471919293069,0.3619611548510302,0.32556181158049086,0.38835576932603416,0.66,0.64,0.57,0.52,0.5782509204648844,124646.81799999987,40556.94299999989,69349.33799999999,1.7099251785323213,0.32537487639676393,0.4147172688938972,0.5563666936126686,0.7013931854758803
Real Estate (General/Diversified),342,0.9342277663512191,0.11335137575482727,0.4450024676144646,0.26803347575607533,0.0695,0.15588318121228914,0.05235435,0.5549975323855354,0.07949817697804118,0.5297027575571283,0.191341778704713,2.76835911708853,4.8825080057030315,1.2471785501791124,0.4816849487672686,0.09065047916931213,0.2984152357169883,0.26803347575607533,0.1703466660405379,0.68,0.64,1.17,0.61,0.7259405515114257,38698.89699999998,10330.15100000001,11081.414999999995,1.0727253648083155,0.2669365744455201,0.3165897783390631,0.2863496342027526,0.35282023541375734
Real Estate (Operations & Services),730,0.9011880677232457,0.110714807804315,0.5028950647385804,0.29972973723472146,0.0695,0.14471759256555733,0.05235435,0.49710493526141963,0.08170353620567418,0.5521553535566948,0.20720304736866602,2.6648032476774937,4.349299294424984,0.9884864062442722,0.5165506242645994,0.06448317319165406,0.3355877444396856,0.29972973723472146,0.15572289094422737,0.54,0.49,0.52,0.63,0.5464310707113389,74289.48400000014,16803.14700000003,7642.907000000002,0.4548497373735996,0.22618473161019664,0.2840959935530055,0.10288006577081606,0.13336269570206066
Recreation,323,1.1091960963190381,0.12731384848625923,0.7529772908404235,0.33179399049670577,0.0695,0.13938045627865497,0.05235435,0.24702270915957647,0.10879715009294032,0.9858976233637634,0.230685247153563,4.273778386475963,4.808266284929206,0.32806130033996916,0.8893999514480999,0.09787798411200656,0.38184151451634857,0.33179399049670577,0.14447414298074696,0.83,0.84,0.74,1.02,0.8831795246727527,16745.242000000013,3895.039,5379.467,1.3811073521985273,0.23260571570121216,0.31147085492430027,0.3212534641183445,0.45362150203563806
Reinsurance,34,1.1599096579998216,0.13136079070838574,0.7398498474742875,0.28323303408098666,0.0695,0.09866445651795233,0.05235435,0.2601501525257125,0.11080725310758553,1.0895323174584777,0.2773287105401252,3.9286675921021854,4.182436271169986,0.3516256081065877,0.9170119313902884,0.15834352345841643,0.28047407740457253,0.28323303408098666,0.2845550981612338,0.9,0.92,6.75,1.44,2.2199064634916956,8486.87,1525.7830000000001,1556.0180000000003,1.0198160551008892,0.1797815920356975,0.3193644655646928,0.18334415396960246,0.3883960775445265
Restaurant/Dining,382,0.9953207368095935,0.11822659479740556,0.7538548809756007,0.31360962157417,0.0695,0.13058992474186906,0.05235435,0.24614511902439928,0.1020124632613438,0.8289252878100836,0.2067809604237676,4.008711856794365,4.813406102620996,0.3265152554372942,0.7988359079437715,0.036299266422194096,0.3289600266836643,0.31360962157417,0.22525996743380092,0.64,0.67,0.78,1.01,0.7857850575620168,29874.67999999997,6220.282000000003,6964.521000000003,1.1196471478302752,0.20821250637663763,0.23006232839703344,0.23312453890719534,0.2587426863476712
Retail (Automotive),193,0.9831339521946365,0.11725408938513199,0.6311387057497726,0.3042116382969305,0.0695,0.19296375205587804,0.05235435,0.3688612942502274,0.09331508751902975,0.7185689332312892,0.20960766942972192,3.4281614560492684,4.690352957358106,0.5844377644562807,0.6826100994906522,0.05004228832846415,0.3358210730125741,0.3042116382969305,0.28166385226273283,0.64,0.66,0.39,0.89,0.6597137866462579,27895.201,6602.243000000002,6673.819000000002,1.0108411641316444,0.23668024474890867,0.2767580410969336,0.23924613412894935,0.2783134945838326
Retail (Building Supply),98,1.0792224241204762,0.124921949444814,0.8061129832982881,0.27792365922032364,0.0695,0.1989826835888124,0.05235435,0.19388701670171193,0.1108520340792542,0.9343776592100076,0.27695777687418205,3.3737188020341526,3.896703809154099,0.24052089560498666,0.9136781967785285,0.022153207782150956,0.3164520287028011,0.27792365922032364,0.3130376188660294,0.76,0.9,0.71,1.11,0.8828755318420015,40740.47000000001,10127.612999999996,9516.027000000002,0.9396120290141424,0.24858851652914152,0.25715742847729395,0.23357676040556233,0.24178668879633636
Retail (Distributors),1006,0.828851939037752,0.10494238473521261,0.5909383689679528,0.3263950009608495,0.0695,0.17230496474040322,0.05235435,0.4090616310320472,0.08343063747365659,0.5976015996949612,0.18917459652125107,3.1589949744009584,4.38141248497201,0.6922238468733294,0.5447768428380458,0.08839460417087097,0.35861499914215517,0.3263950009608495,0.2885198719979901,0.62,0.6,0.5,0.65,0.5935203199389922,104210.77200000014,23856.302000000025,22597.027000000024,0.9472141575001859,0.2289235703963501,0.23672194252954717,0.21683964686491328,0.22719495760311081
Retail (General),189,0.8905370562593125,0.10986485708949313,0.7326846214148123,0.27275967897216363,0.0695,0.1837494643947667,0.05235435,0.2673153785851877,0.09449141411423916,0.7347606574412107,0.20726598219810824,3.545013270623996,4.296590529786612,0.36484371416040146,0.6985498671686516,0.0492824294630341,0.2929466934297418,0.27275967897216363,0.07539707494359642,0.77,0.86,1.34,0.87,0.9149521314882423,61319.86799999998,15587.870999999997,20140.254999999986,1.2920465533747354,0.2542058798952405,0.26927473759958304,0.3284458309662375,0.35193421310996353
Retail (Grocery and Food),181,0.7054027356915712,0.09509113830818738,0.6332986920335295,0.2395250060619005,0.0618,0.21192562707948623,0.04655394,0.3667013079664705,0.07729248420354712,0.5285453639501723,0.2002631288336964,2.6392544999588505,3.522379480435241,0.5790337364964205,0.49116387420911095,0.07072522491103606,0.282868950937087,0.2395250060619005,0.1849996014098765,0.51,0.49,0.56,0.53,0.5237090727900344,39030.48599999998,9148.325999999994,9162.174000000006,1.0015137195591863,0.23438924127155367,0.23459544081635264,0.23474404085052927,0.2523660590237803
Retail (Online),342,1.59201027229133,0.16584241972884814,0.8296161281182791,0.463507362871258,0.0695,0.09967077271446714,0.05235435,0.17038387188172088,0.14650588299606426,1.490503406647991,0.2511264926681972,5.935269476396224,6.3394755980396935,0.20537675933106866,1.3787096682502977,0.07500401401235805,0.5274266660321,0.463507362871258,0.5120270429714509,1.24,1.23,1.62,1.4,1.3961006813295982,26757.93200000001,1092.8099999999993,7914.484000000008,7.242323917240887,0.040840600088228,,0.2957808548134439,
Retail (Special Lines),495,1.0901256163386903,0.12579202418382748,0.7626125165667768,0.3179110026698966,0.0695,0.17570428714304442,0.05235435,0.23738748343322325,0.1083588395201397,0.9561788887224327,0.22876328038408947,4.179774337546767,4.76529980907945,0.3112819135226413,0.8830584247895714,0.07647153142081897,0.3587125295559064,0.3179110026698966,0.1637315021504468,0.8,0.75,0.64,1.09,0.8472357777444867,56634.871999999945,13048.390000000003,14233.950000000015,1.0908587189683947,0.2303949764378388,0.26773635110844557,0.25132836885373433,0.32542086583333474
Rubber& Tires,89,1.1594988998620432,0.13132801220899104,0.6614015692317291,0.2773476779488968,0.0695,0.1596358593368727,0.05235435,0.3385984307682709,0.10458765411300318,0.9300642456688291,0.23365864718030807,3.9804400859649056,4.962362462739456,0.5119407732303691,0.8367936324626692,0.10028405418282355,0.3021654865404598,0.2773476779488968,0.11133864963160152,0.7,0.72,1.21,1.1,0.9320128491337659,10980.266000000001,2382.4819999999995,2636.544,1.1066375317840809,0.21697853221406468,0.20992258451043083,0.24011658733950522,0.2501738567795889
Semiconductor,624,1.6915425349552258,0.173785094289427,0.8959562914654382,0.3734495183367034,0.0695,0.10353163544478648,0.05235435,0.1040437085345618,0.16115098932344296,1.6715997850986177,0.26985856454012036,6.194355135429093,6.268255883736241,0.11612587525267161,1.555473419408919,0.06947019658945917,0.3934866796365214,0.3734495183367034,0.4687609029551324,1.59,1.53,1.16,1.55,1.5003199570197236,179525.40999999997,23039.62699999998,25652.965999999993,1.113428008187807,0.12833630069414675,0.1282459939332347,0.14289323166007528,0.14538767269364258
Semiconductor Equip,342,1.9625184452168636,0.1954089719283057,0.9337953754645522,0.33267871506038227,0.0695,0.14388614403019523,0.05235435,0.06620462453544784,0.18593809439548178,1.9829052012920763,0.3314469712625573,5.982571491719285,5.921063142442311,0.07089842836554186,1.8630187389305666,0.06046000700557487,0.3662822766481051,0.33267871506038227,0.6996064677208448,1.73,1.82,2.58,1.93,2.008581040258415,55452.62600000002,9128.23499999999,9541.257999999993,1.0452467536166634,0.16461321416951447,0.16617393585377666,0.17206142771308955,0.17385717282389745
Shipbuilding & Marine,349,1.095060022552661,0.12618578979970235,0.6665790640863628,0.33913461678437984,0.0695,0.12278349800007093,0.05235435,0.3334209359136372,0.10156884204183424,1.0486074968125012,0.18767940592311005,5.5872272807710335,5.8347372593522255,0.5001971317095533,0.7953669495543833,0.24150175163529192,0.3333217606223549,0.33913461678437984,1.1534175369632045,0.67,0.71,1.05,0.99,0.8937214993625003,198368.48200000005,18429.298999999995,14907.094999999994,0.8088801966911491,0.09290437076591629,0.09301772771020711,0.0751485056986018,0.07542501461777247
Shoe,85,1.0205314602380813,0.12023841052699888,0.8897193989452938,0.352542931120207,0.0695,0.1435946250096356,0.05235435,0.11028060105470616,0.1127521155300474,0.979181546711328,0.21935755351115635,4.463860628631271,4.652365254366214,0.12394986687424918,0.9333803937385782,0.04677493476728316,0.36803811401947795,0.352542931120207,0.2154115037033621,0.94,0.9,1.05,1.13,0.9998363093422655,13068.905,2129.709,1040.6050000000002,0.4886137026232224,0.16296001845602212,0.15183539666121676,0.07962449799734563,0.08293519688765769
Software (Entertainment),320,1.4800451918455317,0.15690760630927342,0.9327171051939886,0.47746935346140246,0.0695,0.09457459245258758,0.05235435,0.06728289480601135,0.14987296056339064,1.4648921606853302,0.23032681726873414,6.360059058933486,6.425848320209656,0.07213644354899833,1.403764112438599,0.041728701871223906,0.5234856492896769,0.47746935346140246,0.6132942395767804,1.25,1.18,1.16,1.28,1.266978432137066,151015.63900000008,23681.780999999977,25338.355000000018,1.0699514111713153,0.15681674531735063,0.1654055313964546,0.16778629794759206,0.17931597610424815
Software (Internet),152,1.3494055466433648,0.1464825626221405,0.8571045875359944,0.4324304510301731,0.0695,0.09032377055153115,0.05235435,0.1428954124640056,0.1330320728550001,1.2628480564068731,0.2519143732657084,5.013005173289082,5.356604028385748,0.16671875817956067,1.1988436794225128,0.05068256363831233,0.4679621951652259,0.4324304510301731,0.3583973004478195,1.06,1.22,0.52,1.11,1.0345696112813747,3470.1440000000007,726.6730000000002,819.4139999999996,1.1276241170375112,0.20940716004868964,,0.23613256395123647,
Software (System & Application),1648,1.3540948759786284,0.14685677110309453,0.9179209765298469,0.4454074927960674,0.0695,0.07883901773011613,0.05235435,0.08207902347015306,0.13910010466338735,1.3178605209622307,0.23786228316502517,5.5404350089750025,5.692768344610475,0.08941839828135163,1.2686406625554685,0.037348306306971245,0.48660354665715355,0.4454074927960674,0.28997706917531674,1.18,1.25,1.2,1.2,1.2295721041924463,137109.129,25453.70100000001,30510.326000000012,1.198659715536063,0.18564555974970864,0.26183635838355857,0.22252585384011894,0.31456985928567177
Steel,710,1.2339858111510127,0.1372720677298508,0.6787511126097563,0.36054916600984277,0.0695,0.156647672993144,0.05235435,0.3212488873902437,0.10999234538941745,1.0387463631868152,0.19721793988670028,5.266997331903804,6.256965324046712,0.47329408589116173,0.909661855037274,0.12426951633651663,0.3652153906745763,0.36054916600984277,0.7305829093893479,0.89,0.82,0.74,1.07,0.911749272637363,170125.40199999977,35400.80499999999,41965.87499999993,1.185449737654269,0.2080865325449755,0.2113294693365806,0.24667612541482772,0.25395258380216634
Telecom (Wireless),99,0.8356105248266873,0.10548171988116964,0.5900286477052252,0.27376891988486907,0.0695,0.16214040083610165,0.05235435,0.40997135229477477,0.08370102020712183,0.5994486949624184,0.18498445418139872,3.240535522917993,4.517193234017785,0.6948329608897129,0.548510458812539,0.08497513895342264,0.31576774759295073,0.27376891988486907,0.12947507291575144,0.69,0.61,0.73,0.72,0.6698897389924836,75502.62000000001,20277.01299999999,23331.787000000008,1.1506520708942691,0.26856038903020835,0.3808530035554063,0.3090195677977798,0.38574097422440806
Telecom. Equipment,461,1.1987978378632358,0.1344640674614862,0.877284311748913,0.35575957529107116,0.0695,0.08404779089212236,0.05235435,0.12271568825108703,0.12438791697109762,1.1754366702843682,0.2222212448503305,5.289488280366907,5.394613996832953,0.13988132080744356,1.0845192281648102,0.07734780138989776,0.3873191497985477,0.35575957529107116,0.14137918398170188,1.28,1.27,1.2,1.17,1.2190873340568735,30489.846999999998,5121.853000000003,7340.865999999997,1.433244179401477,0.16798552646066092,0.19150255847253292,0.24076427802343509,0.27403906044360793
Telecom. Services,295,0.83120448295402,0.1051301177397308,0.5447671498119844,0.3323458822442584,0.0695,0.13675559575935828,0.05235435,0.4552328501880156,0.08110485457071243,0.5328634384133827,0.19706225425456597,2.7040360439855067,4.217979166524027,0.8356466617804139,0.5101001793369285,0.04271874824858027,0.34657576559228437,0.3323458822442584,0.08040531929775036,0.66,0.59,0.96,0.58,0.6645726876826765,145046.79899999994,29933.107999999982,20358.525999999998,0.6801340508977555,0.20636862175772658,0.26573536611817405,0.14035832669426926,0.15272281662988615
Tobacco,56,0.8928613188910068,0.11005033324750234,0.7884940810013505,0.28815132980992253,0.0695,0.18772024591495493,0.05235435,0.21150591899864946,0.09784729128820867,0.7752611377217213,0.17459866033768556,4.440246770635663,5.113792495109372,0.26824033825345495,0.7427726346041967,0.04190652869947703,0.35147373637497514,0.28815132980992253,0.124744219380015,0.77,0.87,0.94,0.73,0.8170522275443443,43437.198,11644.448000000002,15179.264,1.3035623500572975,0.26807548682122645,0.2694850168700296,0.34945311159343195,0.3503791919143888
Transportation,302,1.0148110401540846,0.11978192100429595,0.6885403279023332,0.3108429730265392,0.0695,0.17256982321882886,0.05235435,0.3114596720976668,0.0987809518489558,0.8308679841758,0.20684244239490315,4.016912460304006,4.906203138989287,0.45234775579019704,0.7568960225590765,0.08902974121707405,0.33819180698080703,0.3108429730265392,0.22962528074439897,0.8,0.79,0.77,0.85,0.80817359683516,62201.85199999996,14921.861999999994,12107.768999999998,0.8114114042872131,0.23989417549818295,0.24935573357143803,0.1946528698213038,0.20231552429820224
Transportation (Railroads),50,0.6726147258124854,0.09247465511983632,0.7190682608326444,0.1904649831765268,0.0618,0.21371577768415168,0.04655394,0.2809317391673556,0.07957406875741202,0.5377120552489277,0.22352640933618345,2.4055862430117125,3.0091062967010473,0.39068855416042286,0.5196722320909183,0.03354922580201058,0.1797251971002914,0.1904649831765268,0.21354349249651322,0.91,0.83,1.52,0.67,0.8935424110497856,41752.91699999998,9793.33,8427.113000000003,0.8604951533339531,0.23455439053515723,0.21992614877082337,0.20183291624870203,0.20546879550647956
Trucking,220,1.0796626585301576,0.12495708015070657,0.6297199386135846,0.31796488514967647,0.0695,0.16867577072712142,0.05235435,0.37028006138641545,0.09807373677368159,0.8010306050790537,0.2247835060161672,3.5635648685960115,4.803122247112316,0.5880075231564654,0.7482349362023492,0.06590967753534725,0.3311068636345737,0.31796488514967647,0.6044933968484426,0.57,0.65,0.71,0.92,0.7302061210158107,25595.090999999982,6434.028999999996,3599.158999999999,0.559394276898659,0.25137746140461076,0.5491453356149012,0.14061911325105278,0.3166475900567016
Utility (General),51,0.6809328539400714,0.0931384417444177,0.5535253093313777,0.1837333836003369,0.0618,0.1557981780618161,0.04655394,0.44647469066862233,0.0723396407381269,0.4455522909876226,0.30526010362058714,1.459582453465347,2.2306644263818183,0.8066021248566477,0.42356754561400894,0.04934268281929765,0.20466102089566593,0.1837333836003369,0.12804002072789394,0.38,0.41,,0.52,0.43888807274690567,49172.25000000001,9318.748999999998,6189.540000000001,0.6642028881773725,0.18951235707131556,0.19133762746342464,0.1258746549120693,0.1305287047943551
Utility (Water),104,0.7403783627900649,0.09788219335064718,0.5474149494496756,0.2917020473638641,0.0695,0.1288865652139681,0.05235435,0.4525850505503244,0.07727697206634727,0.48577767777887526,0.17782160971045488,2.731825893207592,4.163601735444952,0.8267677947146216,0.4562339510982984,0.0608173821729723,0.29173364493574433,0.3589059186683053,0.1850853446884092,0.65,0.69,2.37,0.51,0.941155535555775,10713.616000000005,2094.580999999999,1313.6299999999999,0.6271564575444923,0.195506447122988,0.2057444571796427,0.12261313080476276,0.1355211968839914
Total Market,47913,1.0711194520707823,0.12427533227524842,0.595338271814883,0.3589059186683053,0.0695,0.1259297406080237,0.05235435,0.40466172818511703,0.09517166329497523,0.8186211841318198,0.2122232951120164,3.8573578065486753,5.047134206004202,0.6797173092055879,0.7083977890280594,0.13464517806322915,0.3774489653276879,0.3589059186683053,0.20099173438114282,0.79,0.79,0.81,0.89,0.819724236826364,8526802.708999967,1881614.7459999954,1852946.6960000044,0.9847641234418817,0.22067060892753707,6.935383505171489,0.21730849876991232,39.853635003470494
Total Market (without financials),42593,1.1044000613398803,0.12693112489492245,0.7449151821143325,0.37018112725434854,0.0695,0.12478152722346902,0.05235435,0.2550848178856675,0.10790772185235073,0.9471107323884489,0.21180410868678953,4.471635315578377,5.214252302220627,0.3424347147304027,0.8779321370161133,0.07304171836156817,0.38973164147046063,0.37018112725434854,0.20179761150034362,0.92,0.92,0.88,0.99,0.9314221464776897,6724504.274999966,1537621.6079999956,1475507.0880000046,0.9596035073409354,0.22865947363830078,0.2542631520468991,0.2194224328900456,0.25066905951795043
