,number_of_firms,beta,cost_of_equity,ede,std_dev_in_stock,cost_of_debt,tax_rate,aftertax_cost_of_debt,dde,cost_of_capital,cost_of_capital_local_currency,average_unlevered_beta,average_correlation_with_the_market,total_unlevered_beta,total_levered_beta,de_ratio,unlevered_beta,cashfirm_value,hilo_risk,standard_deviation_of_equity,standard_deviation_in_operating_income_last_10_years,2019,20200,20210,20220,average_201923,total_taxable_income,total_taxes_paid_accrual,total_cash_taxes_paid,cash_taxesaccrual_taxes,average_across_only_moneymaking_companies,aggregate_tax_rate,average_across_only_moneymaking_companies2,aggregate_tax_rate3
Advertising,58,1.6317380595347237,0.1357252407363626,0.6897077574986241,0.5272211445533301,0.058800000000000005,0.06390508819605847,0.0441,0.3102922425013759,0.10729463931854823,0.10729463931854832,1.3458926691301203,0.24777948370761313,5.431816423987355,6.585444586123286,0.4498894482885307,1.2200667064535347,0.09348885357842812,0.6867454020094217,0.5272211445533301,0.1439689400971841,0.8679813153566758,0.9349531429448596,0.77,1.1018246898142943,1.00413036344919,3891.4139999999998,961.6800000000001,940.3930000000001,0.9778647783046336,0.2471286786756691,0.3770015468951237,0.2416584305859002,0.3469328275641734
Aerospace/Defense,77,1.414182280259186,0.12280242744739564,0.7932911639284891,0.3755554495377183,0.055,0.08602766440767734,0.04125,0.20670883607151092,0.10594482009093814,0.10594482009093809,1.2292962090923658,0.35478268385988293,3.4649273062544994,3.986052151343722,0.2605712069801203,1.1829920337061723,0.037667223768941376,0.47207385668758833,0.3755554495377183,0.19186738783955246,1.09222603297197,1.078522159887352,0.91,1.1104126718043248,1.0840914147512024,30920.169,5106.375999999998,7441.776000000002,1.4573497917113827,0.1651470921779243,0.237950348851549,0.24067708038723853,0.3873958360825887
Air Transport,21,1.4159650876966507,0.12290832620918106,0.3492420404028992,0.37727498727802966,0.055,0.10471812677937932,0.04125,0.6507579595971008,0.06976852046117993,0.06976852046117998,0.6939980034393283,0.39968149769754235,1.7363776092645373,3.542733641295994,1.8633437109872604,0.5905987449112045,0.14899071469326405,0.44026952881288556,0.37727498727802966,2.2120098410672444,0.6344901276087225,0.8436729976274394,0.91,0.914138227895993,0.7992598713142967,1820.39,655.2139999999999,240.02399999999997,0.36632916879065464,0.3599305643296216,,0.13185306445322154,
Apparel,39,1.3246974025641622,0.11748702571231125,0.6597509304017911,0.38508746928890447,0.055,0.12038118261958633,0.04125,0.3402490695982089,0.09154744864476262,0.09154744864476272,1.0163797426008965,0.35735267214095706,2.844192367477212,3.7069749461440655,0.5157235161320588,0.9552238504346436,0.06017031784769348,0.5219832711715527,0.38508746928890447,0.23018170002537106,0.7631729241326889,0.8296410009433827,0.94,1.098346042881063,0.9295079421116063,5422.69,1112.113,1479.292,1.3301633916697313,0.20508511458335257,0.20693989730307746,0.2727967115951677,0.32099124402844126
Auto & Truck,31,1.5405976750533805,0.1303115018981708,0.6658189293710489,0.5261412487524837,0.058800000000000005,0.029973504818388647,0.0441,0.3341810706289511,0.10150124989331025,0.10150124989331033,1.2255318343171395,0.2859658711036049,4.285587750690472,5.3873480394981295,0.5019098374758252,1.119268697509356,0.08670777358222838,0.6906352624443269,0.5261412487524837,0.4609691036774551,0.3418710955309782,0.5257350397759242,1.05,1.0207658043192696,0.8327807547886623,33358.2,3529,2446.8959999999993,0.6933680929441766,0.10579107985442861,0.07937417600010412,0.07335215928917026,0.11371121885297819
Auto Parts,37,1.4739918130238336,0.12635511369361574,0.7009899176096556,0.39519394771296495,0.055,0.09296676821885928,0.04125,0.29901008239034443,0.10090782663624806,0.10090782663624798,1.202436458457679,0.3594861381582568,3.3448757290561497,4.1002744099549595,0.4265540414760251,1.116731925858612,0.07127572687624346,0.5099287640392465,0.39519394771296495,0.25416812415110307,0.9678850643412212,0.9469935769993065,1.09,1.212594354633614,1.083981890886364,4200.23,905.5469999999999,1298.5059999999999,1.4339465538508769,0.2155946221992605,0.3368222320865206,0.30915116553141136,0.42918709992163284
Bank (Money Center),7,1.0801015876287672,0.10295803430514877,0.316070835621863,0.19594323414619666,0.0473,0.16253159242370313,0.035475,0.683929164378137,0.05680441904312722,0.05680441904312716,0.7393414305916117,0.5157627792249272,1.4334912490247393,2.094182890149443,2.1638477432836223,0.41179893709273513,0.443019260041712,0.22354726306204947,0.19594323414619666,,0.4282334507505517,0.5595414670761663,0.59,1.0325147457583626,0.6699262188353384,124977.19,21450.27,12205,0.5689905068794006,0.17163347967737153,0.17163347967737153,0.09765782059910293,0.09765782059910293
Banks (Regional),557,0.5048742347564779,0.0687895295445348,0.6074603010515699,0.16758082918349013,0.0473,0.18838462629709835,0.035475,0.3925396989484301,0.055712254146514525,0.055712254146514484,0.4129806383970706,0.26366106838287795,1.5663315063161194,1.9148607636805897,0.6461981108377084,0.34006312368726666,0.1765640030797172,0.1756514255721121,0.16758082918349013,0.9549163494123452,0.4043516578768579,0.4313155820626237,0.6,0.8412738920935885,0.5379843540860281,85659.23300000002,18035.351000000002,32391.214000000007,1.7959846747645778,0.2105476592348194,0.2104224017310861,0.3781403692932903,0.37817787396064234
Beverage (Alcoholic),23,1.0129742331996445,0.09897066945205889,0.8136055151499051,0.4987467644298934,0.055,0.09393784176761753,0.04125,0.1863944848500949,0.08821185500433976,0.08821185500433981,0.8807822917633785,0.24625473437128487,3.576712114843646,4.113521860953772,0.22909687972770462,0.8644432881816627,0.018550558673249666,0.5870582585990226,0.4987467644298934,0.33799560403248413,1.0479649012287298,0.9188825577761112,0.67,0.7205248116424126,0.8476309124821263,2643.6949999999997,923.338,804.714,0.8715270031126198,0.34926041014564846,0.3605569688043916,0.3043898785601214,0.3141123251128963
Beverage (Soft),31,1.3034433070435496,0.11622453243838685,0.8675356017770224,0.41717146856964005,0.055,0.06416466447114642,0.04125,0.13246439822297762,0.10629307611688682,0.10629307611688676,1.2014134916712005,0.24188668562096768,4.966844241910011,5.388652557280573,0.1526904463074982,1.169513188955463,0.02655230937298967,0.6105213214406137,0.41717146856964005,0.09356484549793757,1.0445632745746374,1.0907131928183842,0.71,1.1155473334942059,1.0324474585116856,28431.2,5170.927,5315.2609999999995,1.0279125967162175,0.18187508793156812,0.1853637826061409,0.18695169391372857,0.18882752285873175
Broadcasting,26,1.322058642547223,0.11733028336730504,0.4051337311610076,0.468984145587513,0.055,0.1576323221290473,0.04125,0.5948662688389924,0.07207268906838304,0.07207268906838316,0.7021599591713337,0.2954671859496569,2.3764397285422114,4.474468588780893,1.4683207619722523,0.6291800474881116,0.10393630501139743,0.558392045026283,0.468984145587513,0.3165910010704478,0.5086546647315182,0.729937390293151,0.65,0.8112721237191215,0.6804048275830248,11808.34,2592.1400000000003,1261.26,0.48657094138433876,0.21951773068864888,0.21909254391052232,0.10681094887172964,0.11167532466382563
Brokerage & Investment Banking,30,1.2048082896180194,0.11036561240331036,0.33212846488961534,0.2799624925624301,0.055,0.15316532055412033,0.04125,0.6678715351103847,0.06420526224741713,0.06420526224741718,0.6937505627531657,0.43270335317575653,1.6032937060956316,2.784374747215438,2.0108831543010175,0.4803549826286448,0.30759698309671335,0.35452868010802446,0.2799624925624301,0.3787979681993663,0.4576710177663197,0.5676743238719565,0.57,0.6700703117819938,0.5918332432346871,52532.78499999999,10939.418999999998,12537.104000000001,1.146048432736693,0.20823984488924394,0.21393640592057328,0.2386529478686501,0.2448166551897811
Building Materials,45,1.277280094823728,0.11467043763252945,0.7756374847975982,0.2918991384716212,0.055,0.16705684920922526,0.04125,0.2243625152024018,0.09819764357803407,0.09819764357803407,1.0983592603350816,0.4305629234353803,2.550984305781558,2.966535261867304,0.28926208389857394,1.04957779884339,0.044413028827024706,0.4207823750753867,0.2918991384716212,0.5136947113031773,0.9149343033203543,1.0185312839204805,0.97,1.0871499229138373,1.0177949540979507,19465.750000000004,4291.337,4094.024999999999,0.9540208564370495,0.22045577488665988,0.22922149372277936,0.21031940716386466,0.21788590756723134
Business & Consumer Services,164,1.1709200204529924,0.10835264921490775,0.7844748449112162,0.4578249370970681,0.055,0.09426309087876697,0.04125,0.21552515508878378,0.09389034033599651,0.09389034033599652,1.0198687734730703,0.3067636949599318,3.324607149507315,3.817009769053451,0.27473813403561204,0.9708689729392018,0.048045201312521844,0.5384231377505506,0.4578249370970681,0.188855823489921,1.0001911265533716,0.8948866171646999,0.83,0.9861131480384713,0.9462119330459225,18477.276999999995,4164.267,4534.728999999999,1.088962115061306,0.22537233164821857,0.28401110736844587,0.2454219309479422,0.3235495889176324
Cable TV,10,1.2551641961018303,0.11335675324844872,0.4824721612329482,0.25406917505650006,0.055,0.21948943063387358,0.04125,0.5175278387670518,0.07603950107926996,0.07603950107927004,0.7059202442851957,0.4866412221056696,1.450596891958141,2.57923936379825,1.0726584461257194,0.6955768825799469,0.014652309221875827,0.4067510262609936,0.25406917505650006,0.28732110193947924,0.761515774451065,0.776608279328833,0.7,0.6641386109632104,0.7216365818056607,25912.3,7726.200000000001,6595.700000000001,0.8536796872977661,0.29816727963168077,0.29816727963168077,0.2545393500383988,0.2545393500383988
Chemical (Basic),38,1.2471014770997904,0.11287782773972756,0.6743062540643868,0.4657900442175986,0.055,0.09828891682614273,0.04125,0.3256937459356132,0.08954909220994486,0.08954909220994489,0.9589900308465779,0.28993055851542154,3.307654204362072,4.301379901054674,0.48300567282668855,0.9154689536628781,0.04538219979751011,0.5269623558081643,0.4657900442175986,0.4345106161071502,1.1226945412373202,0.9929566124984756,0.76,0.9371284252203465,0.954353921960544,19590.78,4107.522,2257.59,0.5496233495523579,0.2096660776140613,0.20118973176598426,0.11523737186574502,0.11610399232155066
Chemical (Diversified),4,1.4125912305600932,0.12270791909526954,0.6319430071116079,0.3949317614003628,0.055,0.12024424146819795,0.04125,0.3680569928883921,0.09272676234611871,0.09272676234611876,1.0902565654988166,0.35338311595587735,3.0851971027244653,3.9973365075440284,0.5824211815724537,0.9831400419133287,0.09824891404022827,0.4489238033488614,0.3949317614003628,0.41460083246837737,1.4913554180375088,1.2147165368811397,1.03,1.2079101125783385,1.2068477265991606,2819.5,494.9,344.32,0.6957365124267529,0.17552757581131406,0.17573700171156265,0.12212094342968612,0.1222666486751369
Chemical (Specialty),76,1.2772947079305697,0.11467130565107583,0.7849026671159105,0.4232046909214356,0.055,0.10749764638974661,0.04125,0.2150973328840895,0.0988785786286619,0.0988785786286619,1.1152530501630955,0.36806795385883057,3.0300194256814916,3.470268722227487,0.274043320141152,1.0595274025492285,0.04996681928439253,0.48818195945349135,0.4232046909214356,0.1159045625536897,0.9890237899947718,0.9648570942816654,0.82,0.997722954089115,0.9773713777057296,32843.49,7067.405999999998,6000.614,0.8490546602246993,0.21518437900478904,0.27261716031362776,0.18270329980157407,0.23284199903271807
Coal & Related Energy,19,1.45217888188087,0.12505942558372368,0.8216330297261102,0.6195673940499934,0.058800000000000005,0.022762442840657152,0.0441,0.1783669702738898,0.11061893812724044,0.11061893812724044,1.4289145880963197,0.23412990450474724,6.103084486874452,6.2024493836131285,0.21708836405146484,1.248846370274925,0.12601748160559528,0.5502255669727574,0.6195673940499934,,0.967284291647994,1.0486643640232785,0.56,0.819710873327334,0.9649148234189854,3025.34,175.1,23.700000000000003,0.1353512278697887,0.057877792248144,0.050934364390795926,0.00783383024717883,0.00894002263296869
Computer Services,80,1.1713869322889647,0.10838038377796451,0.7543580083707955,0.47775300169020696,0.055,0.06470761995257893,0.04125,0.24564199162920453,0.09189034260791246,0.09189034260791251,0.9932217950326541,0.2767724321320094,3.5885864331998456,4.23231072280443,0.32563052145455873,0.9414606825485323,0.052114354259030375,0.6052685974116296,0.47775300169020696,0.26370038953388647,1.0462592460215911,0.9528662646292019,0.94,1.0576213168025859,0.9979937244972066,12837.580000000002,2683.3250000000003,4721.034,1.7593970167609214,0.20902109276047354,0.23731803559675668,0.36775108704288495,0.4617640865152459
Computers/Peripherals,42,1.2910863648381774,0.11549053007138774,0.9130527367298142,0.48725444355956743,0.055,0.09132626196935435,0.04125,0.08694726327018576,0.10903551915795263,0.10903551915795262,1.227042372213005,0.2940976623139815,4.17222756059517,4.389991932203124,0.09522698938682962,1.2050233084823772,0.01794482752125007,0.4600212953010714,0.48725444355956743,0.2502042492888249,1.4982789281613096,1.6400833392351297,1.14,1.2487708944175273,1.3508351068053943,130404.94499999999,21779.468000000004,22648.56,1.0399041886606228,0.16701412664987517,0.16751588729867892,0.17367868986870094,0.17617941727967132
Construction Supplies,49,1.264396002860222,0.11390512256989718,0.768484292111637,0.3511164528388211,0.055,0.10517907237686368,0.04125,0.23151570788836295,0.09708432043641166,0.09708432043641158,1.0760610533922743,0.4162991711851774,2.5848263169220265,3.037229210090826,0.30126277175061744,1.0313626295227094,0.04153892916080696,0.4573409539780639,0.3511164528388211,0.19305242155651664,1.149597054125011,1.10359654774166,0.87,0.9796485993062782,1.0357806509130447,20521.738999999994,4340.162,3858.5710000000004,0.8890384736790932,0.21149094625947643,0.2366237551533518,0.18802358805947203,0.20942428296773366
Diversified,23,1.0382284747790869,0.10047077140187777,0.8248336247326211,0.5784443873074648,0.058800000000000005,0.029800285457986134,0.0441,0.17516637526737888,0.09059650770438482,0.09059650770438488,0.9394964138236339,0.2753518069326997,3.4119856495194942,3.7705526117460564,0.21236570626489795,0.8955848438636543,0.046739475865868324,0.5643234779391457,0.5784443873074648,0.4871807435997979,1.1438090814341535,1.2484828302966493,0.89,0.7021414621539441,0.9847859575416763,15059.6,2404.9,9101.827999999998,3.7847012349785842,0.15969215649818055,,0.6043871019150573,1.6028013453783432
Drugs (Biotechnology),598,1.2417422800706084,0.11255949143619413,0.8671457735209235,0.5841409330821086,0.058800000000000005,0.00936698809111424,0.0441,0.13285422647907652,0.10346435865628759,0.10346435865628756,1.1994489579084946,0.22872559625710936,5.24405216353748,5.428960730196422,0.1532086421175077,1.1137636210543922,0.0714372514888118,0.6539990607514994,0.5841409330821086,0.29812569880822276,1.4307835597315306,1.3891731337867141,0.85,0.9722328956942816,1.168327709424204,59505.96000000003,8480.332999999999,12408.014999999994,1.4631518597206024,0.1425123298573789,0.9703958973482677,0.20851718046393988,1.5058382106954886
Drugs (Pharmaceutical),281,1.2680061555196915,0.11411956563786968,0.8801610240503839,0.6488355395045173,0.058800000000000005,0.02373947361492524,0.0441,0.11983897594961612,0.10572849259539045,0.10572849259539052,1.1808060946282533,0.20206642380297907,5.843653153279811,6.275194718920924,0.13615574045546022,1.1505188464363174,0.025649637421181277,0.6919122536259916,0.6488355395045173,0.18546971819096153,1.3790871702678402,1.2856575366949226,0.84,1.009823573553889,1.139074875028981,95301.319,11581.182000000003,24143.713,2.0847365148047925,0.12152173885442238,0.13961153139407637,0.25334080633238665,0.28657366253233163
Education,33,1.1008288893194806,0.10418923602557716,0.7656356927520311,0.41812601855058806,0.055,0.07098235745829681,0.04125,0.23436430724796886,0.08943852557572636,0.0894385255757264,0.9937160802737702,0.2715999871053923,3.6587486283206867,4.053125705386401,0.3061042078714493,0.8952898878644345,0.09904860589779241,0.5483166862101779,0.41812601855058806,0.17467699345638765,1.1083755117525074,1.3560146590000444,1.07,1.1033169078612295,1.1262846317775101,1282.4,369.7,561.261,1.5181525561265892,0.28828758577666874,0.479888508122039,0.4376645352464129,1.7597312406136438
Electrical Equipment,110,1.5896686619511227,0.1332263185198967,0.816207283598825,0.5855485943663449,0.058800000000000005,0.04468854824762538,0.0441,0.183792716401175,0.11684555033628852,0.11684555033628863,1.4326548798323873,0.28919959537772394,4.9538619788219105,5.4967872962438085,0.2251789711931941,1.3599881180140871,0.05072174941867486,0.5944028755049212,0.5855485943663449,0.13952392240432268,1.1823979253907428,1.307118859086069,1.0,1.194327330306878,1.2232997989232155,13059.930000000004,2625.546,2889.0400000000004,1.1003577922458798,0.20103829040431295,0.30708438632338375,0.22121404938617584,0.3413010893130879
Electronics (Consumer & Office),16,1.538919124088938,0.13021179597088292,0.8587050966893119,0.3956471324501661,0.055,0.039839422941665745,0.04125,0.14129490331068806,0.11764194761083187,0.11764194761083191,1.6130596990178139,0.2588775481291933,6.2309756511322245,5.944583202406327,0.1645441535812963,1.3698664833253236,0.15076516748919444,0.59618023652288,0.3956471324501661,3.28167406691279,1.2240277060430294,1.25079435757328,1.01,1.0571596798644427,1.231008288499713,175.70000000000002,17.683999999999997,37.875,2.141766568649627,0.10064883323847465,0.20973591221870932,0.21556630620375639,0.8804863306676587
Electronics (General),138,1.2012527647557136,0.11015441422648939,0.841642471659688,0.449375866701406,0.055,0.06290651967255027,0.04125,0.15835752834031203,0.0992428814978455,0.09924288149784544,1.1161632606240839,0.3027405923088268,3.68686356894447,3.9679276425881844,0.18815296717148403,1.0527011334089542,0.056857387672521964,0.5030761314415528,0.449375866701406,0.25372538724431853,0.9606603035174501,1.070921529276746,0.86,1.051017267647953,1.0117524722132465,13560.413999999995,2576.403,2565.9110000000005,0.9959276557277726,0.1899944205243292,0.22281840221330604,0.18922069783415177,0.23015602356965553
Engineering/Construction,43,1.1967640138319908,0.10988778242162026,0.759923656980389,0.3516684814395371,0.055,0.13296156731028333,0.04125,0.240076343019611,0.09340947462486192,0.09340947462486193,1.0176246718468016,0.39097304282679585,2.602800092019688,3.060988566319563,0.3159216597803674,0.9675188848532291,0.049237983688661585,0.42193835857454437,0.3516684814395371,0.1519539977388748,0.810158783963093,1.3250378765861548,0.95,0.9739625248634707,1.0153567714519043,4452.0520000000015,1018.7800000000002,729.6729999999999,0.7162223443726808,0.22883380517568075,0.25559988983389964,0.16389588441464736,0.19286283316126476
Entertainment,110,1.4497950169593838,0.1249178240073874,0.7502973046778402,0.578095571351251,0.058800000000000005,0.0344857737154456,0.0441,0.24970269532215983,0.1047373955226708,0.1047373955226707,1.2462224080092748,0.2082225616005779,5.985049835280751,6.962718188725616,0.33280500111802513,1.1602037973929984,0.06902348253686368,0.688274441827099,0.578095571351251,0.25732913893489373,1.2140124334135816,1.2017030374551592,0.84,0.9642484762875171,1.0932372710331066,16613.988999999998,3504.639,4032.532000000002,1.150626926196964,0.21094506563113774,0.4447082514398206,0.24271907246357285,0.7850353686531889
Environmental & Waste Services,62,1.0153454106826958,0.09911151739455212,0.7965811608678373,0.48087346767746236,0.055,0.05421100591235166,0.04125,0.20341883913216274,0.08734139469572688,0.08734139469572688,0.8591109527629267,0.2164026460616108,3.969965101620495,4.691926966519727,0.25536486314909534,0.8521403775164632,0.008113707809271745,0.6156615678292375,0.48087346767746236,0.13314926778396013,0.9601751957992237,1.0485101305295534,0.82,1.086182979964372,0.9547958518112152,6606.469999999999,1460.9679999999996,976.708,0.6685348344385368,0.22114200170438975,0.23859723681657688,0.14784113149685083,0.1583091868012033
Farming/Agriculture,39,1.1403135761675725,0.10653462642435381,0.7470118768458949,0.5442670958617369,0.058800000000000005,0.06635461534211075,0.0441,0.2529881231541051,0.09073940746542884,0.09073940746542886,0.9310497068082925,0.26728981078067304,3.4832966662252356,4.266206679697441,0.33866680168767294,0.9093408963975123,0.02331648917564196,0.5890289174435183,0.5442670958617369,0.2608998731092537,0.49587806644422544,0.6274511480684076,0.68,0.8478652069247063,0.7164488256491264,19423.901000000005,3891.3010000000004,3787.0739999999996,0.9732153847774817,0.20033571011302,0.211848761589993,0.19496979520231278,0.20704948440655882
Financial Svcs. (Non-bank & Insurance),223,0.8857250736377152,0.09141206937408028,0.09054720374804681,0.2714530650370676,0.055,0.1460858554783109,0.04125,0.9094527962519532,0.04579203511603851,0.045792035116038576,0.10617474510192053,0.2950585022364611,0.3598430287456406,3.0018625693690115,10.043963353993375,0.10380029609017566,0.0223635951229793,0.33784250120258325,0.2714530650370676,0.6167037912205172,0.07561533503134525,0.09826313785398752,0.11,0.15175874715602064,0.10836239302865477,136450.81999999983,28491.87200000001,22331.682999999994,0.7837913563559455,0.2088068946745798,0.21657977844448056,0.16366103919346195,0.182658241562459
Food Processing,92,0.9175202331173958,0.09330070184717332,0.7760488356800411,0.3422878341543323,0.055,0.07736930904283144,0.04125,0.22395116431995887,0.08164388656482782,0.0816438865648279,0.7686726756486479,0.212412591837733,3.6187716980349975,4.319519032178239,0.2885787002356797,0.7542704446992685,0.0187364939663376,0.4866088668527545,0.3422878341543323,0.16971271691317583,0.6114219919250382,0.6968082479529737,0.53,0.632413845750539,0.6478633522554398,26368.217000000004,5246.152,6901.425,1.3155213573682196,0.19895740390789407,0.2102760614247699,0.26173271404737,0.27882914163244094
Food Wholesalers,14,1.1237058272854066,0.10554812614075315,0.6841982947767049,0.32418308733551454,0.055,0.11937255281975857,0.04125,0.3158017052232951,0.08524266826284077,0.08524266826284066,0.8457047174503761,0.36632136499336526,2.3086415324579646,3.0675410573056774,0.4615645897310518,0.8347407488346607,0.012964298755208017,0.4792931471704661,0.32418308733551454,0.25632423585379177,1.234429635135682,0.6577661732913673,0.8,1.083475210571128,0.9242751472897108,3119.4,694.2,505.65,0.7283923941227312,0.22254279669167149,0.22490964100458283,0.1620984804770148,0.16323696331792806
Furn/Home Furnishings,32,1.2708955631991046,0.11429119645402681,0.6412879064624171,0.41911842205905825,0.055,0.1267222401825311,0.04125,0.35871209353758293,0.08809043595951298,0.08809043595951294,0.9519122322245162,0.34073930148839215,2.7936672642881044,3.729817950696244,0.5593620118557551,0.8952985602812457,0.05947362585200794,0.5483600453060752,0.41911842205905825,0.24912194882957625,0.6678086467719215,0.8183273103323906,0.78,0.9930686395536672,0.8422233657764991,3134.799000000001,1027.66,1125.188,1.0949029834770254,0.32782325118771566,0.5438147640006441,0.3589346557785682,0.5734540732390002
Green & Renewable Energy,19,1.60070111091836,0.13388164598855057,0.45225048176820115,0.6759835919999633,0.0701,0.06727922973761617,0.052575,0.5477495182317988,0.08934596981927857,0.08934596981927867,0.8771923185242169,0.22501041371010932,3.8984520941077054,7.11389790599031,1.2111640347849206,0.8387778956397639,0.04379247523402989,0.6770603046757789,0.6759835919999633,0.6282189602833063,0.7987630939198215,0.593772952019942,0.68,1.0952567764169068,0.8089970281761776,2471.19,347.06,95.87899999999999,0.2762605889471561,0.1404424588963212,0.14810753519766678,0.03879871640788446,0.04087717151580086
Healthcare Products,254,1.1623831948690986,0.10784556177522446,0.8880773304789813,0.5094012253760996,0.058800000000000005,0.03696751928901867,0.0441,0.1119226695210187,0.10071098833122433,0.10071098833122427,1.0971029719882097,0.2874303858205123,3.816934555671169,4.044051193651308,0.12602806724123175,1.062001680471524,0.0319945277817212,0.5938554268008396,0.5094012253760996,0.3009797999987402,1.0412420580286896,0.9818186838686335,0.8,0.9123800188457021,0.966508746546247,27444.918999999998,4253.457999999999,6427.905000000005,1.511218636695133,0.15498161973077781,0.22960133209855402,0.23421111208234957,0.35403723526540576
Healthcare Support Services,131,1.1603652760592904,0.10772569739792186,0.809025891950003,0.47792508451312243,0.055,0.06742278274865686,0.04125,0.19097410804999704,0.09503056038035224,0.09503056038035229,1.0725471879998554,0.2600301164398373,4.124703717724976,4.462426475618496,0.23605438336428305,0.9858326817212415,0.08084912929595559,0.5635984031690817,0.47792508451312243,0.27585814850670065,1.0266507370055664,0.9462382149452834,0.74,0.9498469507729029,0.9470566181447216,67809.81599999999,14939.722999999994,15428.422000000004,1.03271138293528,0.22031799938817112,0.2642151093407232,0.22752490583369236,0.2776896357482259
Heathcare Information and Technology,138,1.4715094541215377,0.12620766157481933,0.8755942997991671,0.5387173762249065,0.058800000000000005,0.04304939948115865,0.0441,0.12440570020083286,0.11599300044475092,0.11599300044475092,1.370736187816319,0.31317349183587456,4.376922771403281,4.698703729665327,0.14208144140427534,1.3298040924419459,0.029861395459020352,0.6172879220079127,0.5387173762249065,0.48966291900694897,1.1770734443491222,1.152697351786613,0.75,0.9088883028884132,1.0718790573680934,27164.361,4297.602,6888.842000000001,1.6029502033924967,0.15820736589386364,14.294851253880612,0.2535985293377599,40.42961189264644
Homebuilding,32,1.5022071383659328,0.12803110401893641,0.7556537921326947,0.3333038712963018,0.055,0.1781463991245361,0.04125,0.24434620786730532,0.10682647033737112,0.10682647033737114,1.3331558308257836,0.44614863238686847,2.98814281620338,3.3670553472936016,0.3233573501665131,1.2090023026647645,0.09312754390018754,0.41272083246912217,0.3333038712963018,0.7057621887664007,0.7246149165867888,0.6640558389827699,1.33,1.5855573182596445,1.1274767809309973,32663.499999999996,7553.309999999999,5652.220000000001,0.7483103434123586,0.23124619223292053,0.23124676943982453,0.17304391752261705,0.17304826710632037
Hospitals/Healthcare Facilities,34,1.174001444953803,0.1085356858302559,0.5340812579349085,0.5119442326502478,0.058800000000000005,0.09557019609780229,0.0441,0.46591874206509154,0.07851389214412163,0.07851389214412174,0.7230794758104835,0.2940820355151152,2.458767923528327,3.992088271891269,0.8723742598020087,0.7096748747703817,0.01853821258731876,0.6027909329624173,0.5119442326502478,0.18609860515663568,0.5521951118294665,0.6255623897598616,0.8,0.9635819983948228,0.7328837951589269,12355.127999999999,2979.2580000000003,2611.0139999999997,0.8763974117045249,0.24113534072653886,0.2506452136760695,0.21133038848322735,0.22153487293163818
Hotel/Gaming,69,1.4599765370156599,0.1255226062987302,0.6003222196836309,0.38051359185436157,0.055,0.08142422866048325,0.04125,0.39967778031636914,0.09184071807177843,0.0918407180717784,1.0609649277632753,0.37474625318946336,2.831155531865652,3.895906962617524,0.66577209240564,0.9737532386357108,0.08220035068588367,0.4849956687865248,0.38051359185436157,1.0024098795355374,0.7117119465176714,0.9144446236425152,1.19,1.437433727843527,1.0629110451533976,16641.260000000006,3968.179000000001,3796.4430000000007,0.9567217103865525,0.23845423964291163,,0.2281343480000913,
Household Products,127,1.1550009836175177,0.10740705842688056,0.8656211766809984,0.568275249431107,0.058800000000000005,0.06727024630355635,0.0441,0.13437882331900164,0.09889993040768906,0.09889993040768896,1.0578798468783357,0.20084755602713497,5.267078513693309,5.750634991353713,0.1552397595380495,1.0345486686981815,0.022054657954777637,0.657658600910968,0.568275249431107,0.06918830586435934,0.9972506674830345,0.9370572448948898,0.68,0.9200717469168898,0.9184519012346299,30616.808999999997,6172.314000000001,7358.871000000001,1.192238599656466,0.2015988668185506,0.21116650699581352,0.24035395066807916,0.2548156024122691
Information Services,73,1.4047128789332648,0.12223994500863593,0.8844958510076718,0.4510937058049509,0.055,0.12449529547899026,0.04125,0.11550414899232819,0.11288527033347798,0.11288527033347795,1.3334436182933442,0.38239655602428657,3.487070156062429,3.673445424137265,0.13058755319285983,1.279406915006702,0.04052417555967079,0.4768121512169421,0.4510937058049509,0.2835450565434452,1.04761476043476,1.0315158970762186,0.97,1.2038667851126352,1.1172882121833916,49631.13300000001,9482.032999999998,11161.666000000001,1.1771384891826473,0.19105010155621463,0.20165831027905,0.22489242790407382,0.23847108327673514
Insurance (General),21,1.2277613538599423,0.11172902441928058,0.7663482892755388,0.4376102850667002,0.055,0.10263886699732405,0.04125,0.23365171072446123,0.09526147979352459,0.0952614797935245,1.0269385936275734,0.4077955438998016,2.5182683062370588,3.0107277340961147,0.304889713977625,0.9992626713236528,0.026949929115194532,0.45212247290893337,0.4376102850667002,0.3798975221445363,0.6717916195533868,0.5926992839184214,0.56,0.8109091333395879,0.7324677260877939,28714.790000000005,5851.687,2934.0359999999996,0.501400023617121,0.20378651559004954,0.2117822888337703,0.10217856372970163,0.10832673067735493
Insurance (Life),27,0.9393536603143791,0.09459760742267412,0.5197418571878194,0.28891454530535254,0.055,0.11407564986678613,0.04125,0.4802581428121806,0.06897698455838734,0.06897698455838741,0.6674646710271233,0.4049536756937425,1.6482494445411875,2.31965707856617,0.9240320674011627,0.5548377531959658,0.16873839578331887,0.37737813626902367,0.28891454530535254,0.19531559316980887,0.7033562806382644,0.7324805743770343,0.64,0.8829882032543376,0.7252579458593519,23040.936,3352.16,4123.8820000000005,1.2302163381222855,0.1454871451402842,0.14984383763650916,0.1789806629383459,0.22486649669239403
Insurance (Prop/Cas.),51,0.8033013628246957,0.08651610095178693,0.8232759970528896,0.2766718330726164,0.055,0.109240658776035,0.04125,0.17672400294711044,0.07851649439377913,0.07851649439377906,0.7295385474975669,0.35443380785729367,2.0583209934400566,2.266435495194438,0.21465948670887489,0.6919079144934643,0.05158141832694316,0.3527091878622686,0.2766718330726164,0.25431028874335815,0.6511506597940658,0.5890715247484962,0.58,0.7847772659651794,0.6669075996010616,17408.7,3459.4600000000005,5570.129,1.6101151624820056,0.19872018013981518,0.20833385740499286,0.31996237513427195,0.3892195664599729
Investments & Asset Management,600,0.6236129544790963,0.07584260949605831,0.722820646257876,0.09906426739982557,0.0473,0.040125418223955996,0.035475,0.277179353742124,0.06465354158382644,0.06465354158382652,0.5377530864305458,0.17825326356898852,3.0167923754306,3.4984658456911912,0.38346905996267916,0.4843212838893664,0.09936121965537131,0.14993616815022495,0.09906426739982557,0.26121287090127876,0.866684474117967,0.8601828401441228,0.78,0.9651176049094974,0.8019476011204265,43946.03400000007,7998.826000000004,9450.868999999999,1.1815320148231747,0.18201474107993432,0.18794901722109295,0.21505624375569324,0.22272988707218977
Machinery,116,1.224816899432044,0.11155412382626342,0.827523473765579,0.32362033573649224,0.055,0.10366582315102471,0.04125,0.172476526234421,0.09942831276875491,0.09942831276875497,1.0938250803149925,0.3790957023338192,2.885353417570021,3.2308910174705985,0.20842493500465975,1.0592381651393292,0.03162015188543964,0.4224065663042139,0.32362033573649224,0.16912160618518354,1.0121653053546547,1.0985210616277283,0.96,1.1782642967693542,1.068555148813346,21096.828000000005,4427.081000000001,5507.827000000001,1.2441215780781965,0.20984581189172136,0.2254806789245237,0.26107370264382873,0.29466637641366583
Metals & Mining,68,1.2900534643158847,0.11542917578036356,0.8227410152252428,0.7005623950119386,0.0701,0.04147068722180357,0.052575,0.1772589847747572,0.10428770839268217,0.10428770839268209,1.2191906966167014,0.19150977721440157,6.366206020133253,6.73622769072321,0.21544931089430228,1.1105956618026913,0.08907141033422034,0.6658049675950692,0.7005623950119386,0.5271134029983492,1.1094422701693822,1.0865722025981523,0.82,1.1279972137776122,1.0726404766323696,13170.536,5058.41,3400.4390000000003,0.6722347536083474,0.38407016996119214,0.4045732552090225,0.2581853160721781,0.27020724365470417
Office Equipment & Services,16,1.1770946700328646,0.10871942339995216,0.5995152705599636,0.35220934553840333,0.055,0.19532686112334122,0.04125,0.40048472944003644,0.08169894962414706,0.08169894962414714,0.8448370751926576,0.3701460392081128,2.282442565102398,3.1800817659730485,0.6680142260029055,0.7842014010621634,0.07177203263323499,0.4441949474746268,0.35220934553840333,0.18329346039703018,1.3336679465607404,1.2442326298508288,0.83,1.111467824035779,1.0728410951280012,652,157.97000000000003,184.47799999999998,1.1678040134202694,0.2422852760736197,0.24923340337769484,0.28294171779141103,0.2871476379484785
Oil/Gas (Integrated),4,0.9774858927490678,0.09686266202929464,0.8968302911543922,0.3054894443464334,0.055,0.14222153189085546,0.04125,0.10316970884560783,0.09112511987960312,0.09112511987960303,0.946268369906833,0.2678594579935353,3.5327047138640557,3.6492491251612225,0.11503816258570915,0.899848227707923,0.049056001104084736,0.34410896982169686,0.3054894443464334,0.9762764799479865,1.055607164642918,1.1174661727895663,0.98,1.250926196365303,1.070053580740924,131383.1,30387.173,22217.31,0.731141064027246,0.23128677128184674,0.23128677128184674,0.16910325605043572,0.16910325605043572
Oil/Gas (Production and Exploration),174,1.2574315521617736,0.11349143419840936,0.8327550651416682,0.569768773700139,0.058800000000000005,0.04603859457651496,0.0441,0.1672449348583318,0.10188606830617017,0.1018860683061702,1.1361280842130776,0.181588092504846,6.256622163607771,6.9246366037366505,0.2008332844302546,1.0928248493155008,0.038114747359291025,0.5789642939989437,0.569768773700139,2.3177756312329634,1.0743174544514105,1.076710639640376,0.81,1.1279889221313977,1.0450290200872523,115632.91399999998,24231.135,11970.642000000003,0.4940190379030947,0.20955223008563117,0.21168447513249547,0.10352279109735145,0.1061481619759972
Oil/Gas Distribution,23,0.9912553313271651,0.09768056668083361,0.5833933805324584,0.33549336269635954,0.055,0.06902111794587905,0.04125,0.41660661946754163,0.07417121906129383,0.07417121906129376,0.656489918658282,0.3061923665396461,2.1440440402791,3.2373613442084825,0.7141092672105881,0.6455242138420741,0.01670353878185875,0.42358629907014234,0.33549336269635954,0.3356125997123904,0.6231608561764338,0.6175192303191579,0.6,0.8645108713214169,0.6723361752950581,11420.18,1910.8500000000001,109.032,0.057059423816626105,0.16732223134836754,0.3039075889960157,0.009547310112450066,0.018668488450336702
Oilfield Svcs/Equip.,101,1.3751593545688363,0.12048446566138887,0.7541240373139191,0.4689810733878538,0.055,0.07068521438891592,0.04125,0.24587596268608092,0.10100261513897765,0.10100261513897757,1.1869387038702228,0.2061151044506742,5.758620684464545,6.671802914365881,0.32604180548581313,1.1049615986151144,0.06906599724805292,0.5323266583847177,0.4689810733878538,0.6757256150042742,1.0668864769579942,1.218654717118134,0.83,1.1791731857829815,1.0963306167458664,58215.580000000016,12273.744000000006,5895.049999999998,0.48029761741812405,0.2108326327763118,0.21694329634283782,0.10126241119645285,0.10352495349933848
Packaging & Container,25,0.9524219969120523,0.0953738666165759,0.6174148790522554,0.24431384085324004,0.0473,0.14661913030028642,0.035475,0.38258512094774455,0.0724574514874404,0.07245745148744032,0.6704997219078969,0.4944289579149495,1.3561093280932681,1.926307069328018,0.6196564642805832,0.6502317612894054,0.03022814172214613,0.3688793813718014,0.24431384085324004,0.08167653480583857,0.7370550227480763,0.6781735167393964,0.68,0.7782958213072473,0.7088048165405233,12094.928000000002,2464.6,2880.6400000000003,1.1688062971678976,0.20377136598084747,0.1666738410289373,0.23816925574091882,0.24701300714737978
Paper/Forest Products,7,1.3830066711394122,0.1209505962656811,0.6950960020707797,0.42843597130920175,0.055,0.12757457269381595,0.04125,0.3049039979292203,0.09664956582693224,0.09664956582693218,1.1258403034857074,0.26401196859262543,4.26435327719137,5.238424146116698,0.4386501965496456,1.0406467462902025,0.07567108490585898,0.6011566734952618,0.42843597130920175,0.9283253994083562,1.1728745712683208,1.2543747470505289,0.96,0.9984958405826988,1.1023170924774512,2125.8,548.4,408.8,0.7454412837345005,0.25797346881174144,0.27590498910901357,0.19230407376046663,0.21201120215745256
Power,48,0.7250009747102386,0.08186505789778817,0.5644750333783491,0.1717812350329328,0.0473,0.12298398219937019,0.035475,0.43552496662165086,0.061661029480277525,0.06166102948027752,0.4640263901945677,0.39324166501127406,1.1800031163566156,1.8436524895942885,0.7715575373016235,0.4592484958560893,0.01029660045083866,0.2556313254305959,0.1717812350329328,0.08060268856782013,0.3460165075906414,0.37843539998307546,0.43,0.5574641631069509,0.43518849217504707,38842.119999999995,5233.073,2289.7279999999996,0.4375494093050106,0.13472676053727245,0.09204974896546682,0.05894961449066117,0.06153525313880507
Precious Metals,74,1.2336190389708566,0.11207697091486889,0.8596506621607731,0.7254331454586879,0.0701,0.02873015346934519,0.052575,0.14034933783922687,0.10372590869683809,0.10372590869683807,1.1872086171220402,0.14493089399846465,8.191549671491138,8.511774163098208,0.16326322309396255,1.0990439462329342,0.07426215546078967,0.6947327970793664,0.7254331454586879,0.7081999774663107,1.1490747541483908,1.3320479668619645,0.75,0.9873774941222514,1.0811417664509293,1675.5729999999999,747.516,1837.3540000000003,2.457946050653097,0.4461255940505129,0.5868618633894235,1.0965526419917249,1.5577027421137946
Publishing & Newspapers,20,1.114895776688169,0.10502480913527724,0.7033517245165042,0.30919744401282184,0.055,0.09667014521273086,0.04125,0.2966482754834958,0.08610612198600814,0.0861061219860082,0.9141555268995404,0.32499012981024117,2.812871663004989,3.4305527289064033,0.4217637707327963,0.846977468544032,0.0734864652444319,0.4606505763247093,0.30919744401282184,0.12028984478810541,0.8978859113758451,0.7567842313849863,1.1,1.4642640113348089,1.0266179361990362,1360.2949999999998,208.10000000000002,394.9550000000001,1.8979096588178763,0.1529815223903639,0.2218300718177204,0.29034510896533483,0.35478133547723534
R.E.I.T.,223,1.063376043005491,0.10196453695452617,0.5639269474189975,0.21541532639566627,0.0473,0.033816563274859365,0.035475,0.4360730525810025,0.07297024161006857,0.0729702416100686,0.6855568332302365,0.4823542525222221,1.4212724976414568,2.2045540957607734,0.7732793309077326,0.6730400647800693,0.018257812982754706,0.3082774695650108,0.21541532639566627,0.20589119125697528,0.409468579532681,0.4256203375693727,0.79,0.9882216516797577,0.6597734804024096,58872.92400000001,2521.5350000000026,1933.7259999999997,0.7668844572849466,0.042830130197032544,0.046302933943174425,0.032845761151594904,0.03754156147537808
Real Estate (Development),18,1.5166924498761216,0.12889153152264163,0.47046301131425805,0.5125063500210518,0.058800000000000005,0.06664021651309512,0.0441,0.529536988685742,0.08399127925408982,0.08399127925408978,0.8838048274406524,0.1750069916051184,5.0501115374570205,8.666467756318847,1.1255656150447586,0.8224236303686755,0.0694510769416436,0.5935560500176223,0.5125063500210518,0.6987425968407183,0.8710375930164825,0.8910740523856756,0.56,0.7424411801966027,0.7896715306078826,658.41,151.19000000000003,66.603,0.4405251670083999,0.22962895460275518,0.25752765016164714,0.101157333576343,0.11332822868810619
Real Estate (General/Diversified),12,0.7898029768416497,0.08571429682439399,0.7152113958386742,0.28661749273612586,0.055,0.09371295164655669,0.04125,0.2847886041613258,0.07305137179675997,0.07305137179676002,0.6649391588559308,0.2606567779488852,2.5510142651511076,3.0300496425093155,0.39818801240908047,0.6081765254458054,0.08536515356952208,0.5264619483249621,0.28661749273612586,1.118865944697315,1.32735715457991,1.501720441937595,0.76,0.8332663411468256,1.0174566193040522,251.69,57.580000000000005,42.407,0.736488364015283,0.22877349119949147,0.23703795686907572,0.1684890142635782,0.17553292768740425
Real Estate (Operations & Services),60,1.3454843302112593,0.11872176921454881,0.4778803349570494,0.44434220453063733,0.055,0.054661662502489834,0.04125,0.5221196650429506,0.07827223502196382,0.07827223502196379,0.8050206047433183,0.2677934382124065,3.006125206491422,5.024336440775885,1.0925740752439148,0.73950848272502,0.08137943505084179,0.5368798902000679,0.44434220453063733,1.2181846340506288,0.9528770584096617,0.6750476077656148,0.75,0.8711247503573315,0.8108140042551852,6114.981,1236.989,1426.0880000000002,1.152870397392378,0.2022882818442118,,0.2332121718775578,
Recreation,57,1.417980944163648,0.12302806808332069,0.6576328144491093,0.42131153923229786,0.055,0.09492884546666287,0.04125,0.34236718555089074,0.09502994107384506,0.0950299410738451,1.0754929270701692,0.33423685770895106,3.217756816056157,4.242443379474344,0.5206053865144905,1.0197970615986987,0.05178636146236303,0.5939259548412263,0.42131153923229786,0.18303595298722516,0.8092329672801789,0.7540286170435926,0.77,1.073632586741868,0.8964774196271617,5840.229999999999,1170.7230000000002,1191.0949999999993,1.0174012127548524,0.20045837235862293,0.5025766950531123,0.2039465911445268,0.5749510292781677
Reinsurance,1,0.8292482034163514,0.08805734328293127,0.6891861708289819,0.1936761567443839,0.0473,0.06482982171799027,0.035475,0.3108138291710181,0.07171402382037845,0.07171402382037839,0.8316073808059627,0.38600518131237566,2.1543943477095,2.148282571226111,0.45098674687154305,0.6196557912943786,0.254869779181335,0.20758239974021755,0.1936761567443839,0.21772502996630683,0.8820173563179452,0.7698542925210008,1.13,1.2950268765575916,0.9817011812405001,617,40,163,4.075,0.06482982171799027,0.06482982171799027,0.26418152350081037,0.26418152350081037
Restaurant/Dining,70,1.4103978688180479,0.12257763340779204,0.7646695903508474,0.41147053391609606,0.055,0.08544330611761185,0.04125,0.23533040964915264,0.10343876812214023,0.10343876812214026,1.1660017105464549,0.3472046135805505,3.3582552331953552,4.062151865648639,0.3077543721088449,1.1459049297128838,0.01723563580721726,0.4749197130090601,0.41147053391609606,0.16308151930383236,0.6510688399498351,0.7518963813261236,1.11,1.332165894153193,1.0022265651951214,18326.143999999993,3903.9970000000003,4484.914000000001,1.1488005754102784,0.2130288291961474,0.21940097179076432,0.24472764155951204,0.2561804504578351
Retail (Automotive),30,1.5201925121768585,0.12909943522330541,0.6349738350105025,0.3571089596648453,0.055,0.15838509352594998,0.04125,0.36502616498949747,0.09703209278724896,0.097032092787249,1.0827260845919955,0.3853995125824394,2.8093602852193373,3.9444588343937768,0.5748680415838864,1.0622166906556574,0.018942366151700137,0.4958162101500319,0.3571089596648453,0.31378397990022294,0.7609980014069839,0.8685186932111402,0.99,1.1214912603915739,0.9647468079203387,17548.78,4134.299999999999,3743.0259999999994,0.9053590692499335,0.23558902670157125,0.28062229437635366,0.21329266194003227,0.255258454721195
Retail (Building Supply),15,1.7891723510222548,0.14507683765072193,0.8249904271458701,0.3754618371665436,0.055,0.13391716018934746,0.04125,0.17500957285412988,0.126906147142674,0.126906147142674,1.5670419621739333,0.48344016461300404,3.2414393277156797,3.700917883921571,0.21213527708387048,1.5435856274378488,0.014968542835664624,0.4708175159353282,0.3754618371665436,0.33819679970227606,0.9672791777625668,1.1509711433254448,1.43,1.4189632481805372,1.3068511062884964,34697,8645.21,8272.939999999997,0.9569391605293565,0.24916304003227943,0.2613776610395613,0.23843387036343192,0.24690413308220324
Retail (Distributors),69,1.2752456934388758,0.11454959419026922,0.7165002328254243,0.3708301077624006,0.055,0.135946438940009,0.04125,0.2834997671745757,0.093769176303337,0.09376917630333703,1.00607436454125,0.35849019021900097,2.806420906320034,3.5572680319643633,0.3956729589000016,0.9834131887718831,0.022524354628298306,0.46193491376213663,0.3708301077624006,0.25350519996716575,0.9870211814795625,0.8937149652220674,0.75,1.064511615250408,0.9402644252986576,20043.644,4701.598,3790.4200000000014,0.8061982330263033,0.23456802565441692,0.2398841518485961,0.1891083278070595,0.19467687091862665
Retail (General),15,1.3632136186935628,0.11977488895039763,0.8335442162915475,0.3152808031931311,0.055,0.21259763765231698,0.04125,0.1664557837084525,0.10670396701953999,0.10670396701953999,1.2201002971574864,0.47978164413460245,2.5430324650252523,2.84132091204205,0.19969640536769256,1.1856378988434997,0.028245545382027257,0.34600452314885843,0.3152808031931311,0.11083736572099039,0.7514861871220232,0.9457267947342817,0.81,1.0383563104796276,0.9531339178986837,35470.9,9012.099999999999,11642.259999999998,1.2918476270791492,0.2540702378569475,0.2545901895497625,0.3282200338869326,0.33075353985317846
Retail (Grocery and Food),13,0.6675697330631398,0.07845364214395051,0.6030723877385448,0.28264661461127033,0.055,0.16454371176768529,0.04125,0.39692761226145523,0.06368648930032259,0.06368648930032261,0.4731749077028324,0.27612394788622036,1.713632270308582,2.417645184974027,0.6581757353373286,0.44694397400442637,0.05543602010882578,0.44427105868248346,0.28264661461127033,0.2850256744980758,0.2812326219094314,0.3451030636472698,0.15,0.21200696239163366,0.2923035111302334,6743.1,1503.52,1317.7320000000002,0.8764313078642121,0.22297163025907965,0.22691941425663018,0.1954193175245807,0.1988696233536721
Retail (Online),63,1.4871300694613425,0.12713552612600376,0.8391060530131923,0.5941038876075868,0.058800000000000005,0.04094171985804849,0.0441,0.1608939469868077,0.11377561258746482,0.11377561258746471,1.355989844350516,0.2966952421688861,4.570312063105662,5.012315191137552,0.19174447188057428,1.3001566778011107,0.04117520996342569,0.7024869327703446,0.5941038876075868,0.77434468390971,1.34449825920508,1.1594182467938388,1.14,1.0650034437346438,1.2129819588168158,10270.757000000003,45.227999999999994,5817.395,128.62375077385693,0.00440357025290346,,0.5664037227246247,
Retail (Special Lines),78,1.4752073825450458,0.12642731852317574,0.7186057001084567,0.3858590522578964,0.055,0.15019349979060045,0.04125,0.2813942998915433,0.10245890661070772,0.10245890661070778,1.187876333197214,0.36569663231282434,3.2482561452222516,4.033964910245942,0.39158372922601853,1.1403117398631728,0.040041704683196455,0.5087813282201621,0.3858590522578964,0.22316138846103836,0.8000650410909912,0.6903463796794427,1.03,1.2289647113509314,0.9874504930637158,24931.457000000002,5129.405000000002,5660.914000000002,1.1036200105080414,0.20574028224664132,0.21637183222086143,0.22705909245496567,0.25190597734662923
Rubber& Tires,3,0.8380149796297053,0.0885780897900045,0.23237766290314577,0.39785998397496214,0.055,0,0.04125,0.7676223370968542,0.05224799089507148,0.05224799089507148,0.267665547396446,0.24044107918185295,1.113227191905932,3.485323649690862,3.303339604619385,0.24098169552288884,0.09969102162421777,0.4502618640265363,0.39785998397496214,0.5067199861505031,0.23902988074589715,0.45318132931651134,0.54,0.5892129358333806,0.417817938658447,692.1220000000001,0,201,,0,,0.29041122807828673,0.29041122807828673
Semiconductor,68,1.607746258634069,0.1343001277628637,0.8987501482174278,0.38404265117692143,0.055,0.08181926880368372,0.04125,0.10124985178257218,0.12487881611852436,0.12487881611852436,1.534267220206094,0.472635517119023,3.2461953548440627,3.401661958107124,0.11265628382191657,1.482487600703569,0.033748762158634794,0.4893379233506794,0.38404265117692143,0.38437761380903246,1.2637967280679967,1.236890276724555,0.96,1.135821074309048,1.2261550598615387,81555.44000000002,8329.073999999999,13839.779000000002,1.6616227686295024,0.1021277550583995,0.09855179001590034,0.16969780311405344,0.1714257158212446
Semiconductor Equip,30,1.757142721715889,0.1431742776699238,0.8945598035981026,0.4156872302967652,0.055,0.10936898430604083,0.04125,0.10544019640189739,0.13242736181428552,0.1324273618142855,1.6892473610771204,0.4937330211082563,3.4213781312122014,3.558892451170724,0.11786824757584162,1.6144255857412013,0.04429296564844726,0.4351337345019169,0.4156872302967652,0.6849290918256756,1.3908894934763405,1.2534843105487556,1.07,1.3414180698068143,1.3490078469818063,21173.363000000005,2859.206,3629.544,1.269423749110767,0.13503787754453553,0.13542707440629154,0.17142028878454496,0.17163299234605098
Shipbuilding & Marine,8,0.9437386318475969,0.09485807473174726,0.719328330740649,0.4116087861322939,0.055,0.06232205247471385,0.04125,0.28067166925935105,0.07981180691100771,0.07981180691100764,0.7803339556376949,0.29603839198306237,2.6359214776519297,3.187892710556245,0.3901857569968924,0.7300865901959359,0.0643921299063508,0.4893232382847557,0.4116087861322939,0.8299863036102109,0.7785073448794292,1.5713945020074378,0.74,0.8023174759642652,0.9345106556977655,2490.4999999999995,387.402,293.35999999999996,0.7572495753764822,0.15555189720939572,0.15660831952136478,0.11779160811082112,0.11859158345797795
Shoe,13,1.3276925338648697,0.11766493651157327,0.9173128209920463,0.39374185918980237,0.055,0.1069836773191477,0.04125,0.08268717900795375,0.11134640097735939,0.11134640097735948,1.2886673829152329,0.3706313904950371,3.4769515371971402,3.5822452385685017,0.09014065552744598,1.2436171828026032,0.03495874941035351,0.5084634578495381,0.39374185918980237,0.2827079019714945,0.7412820035926789,0.8336099690951179,0.98,1.1884916532310223,1.0064102017668104,8846.1,1256.65,493.2,0.3924720487009111,0.14205695165101007,0.11463887874360847,0.0557533828466782,0.056291088385682975
Software (Entertainment),91,1.363575730964357,0.11979639841928282,0.9541753717135814,0.5870954387158441,0.058800000000000005,0.0381657195507904,0.0441,0.045824628286418645,0.11632763909909853,0.1163276390990986,1.3578802103729628,0.24111605390817842,5.6316457919889045,5.655267282549476,0.04802537315978222,1.3161686143310263,0.03071817066284499,0.6871552157284953,0.5870954387158441,0.6913671007358034,1.2697947323690497,1.2858744552797758,0.96,1.2075498828617475,1.2162198561767072,115204.89800000002,18337.012000000002,19016.346,1.0370471481395114,0.15916868395647554,0.16340874370490957,0.16506542977018215,0.1734588869691637
Software (Internet),33,1.5513058877107246,0.13094756973001703,0.8499392743033889,0.5524383754678915,0.058800000000000005,0.02365026388789812,0.0441,0.1500607256966111,0.11791516039134364,0.11791516039134375,1.416511407810549,0.33265687643446173,4.258175640297105,4.663381392677612,0.17655464364745466,1.36990815333003,0.03290002058829303,0.6605497248979673,0.5524383754678915,0.9109004246955699,1.3051434552841432,1.5032034061311,0.75,0.9750638036621639,1.1899844145775913,2065.3,394.6,527.7610000000001,1.3374581855043084,0.19106183121096207,,0.25553721009054375,
Software (System & Application),390,1.4697712402478267,0.1261044116707209,0.9143703856711471,0.5211121018357716,0.058800000000000005,0.03395114353447462,0.0441,0.08562961432885285,0.11908240552609259,0.11908240552609262,1.4129709426977197,0.3096282829942745,4.563442748296504,4.746889483203332,0.09364871792736469,1.3733143912116959,0.02806607714827414,0.6164066436646158,0.5211121018357716,0.3224015937291314,1.1619596463607587,1.149160826869191,0.89,1.122454939608095,1.1473092711071529,117515.37899999997,20894.612000000005,23839.87899999998,1.1409582049190468,0.17780321331389323,0.23300574856694112,0.20286603509145798,0.26450412220782643
Steel,28,1.3424843767995962,0.11854357198189602,0.7776345913511479,0.3829895701117335,0.055,0.14954162997616205,0.04125,0.22236540864885213,0.10135615526221226,0.1013561552622122,1.2125474928571525,0.33239549222498177,3.647905947041063,4.038816434643271,0.2859510252270157,1.1054137339148622,0.08835427855270939,0.39412504778160207,0.3829895701117335,1.0458573404445946,1.2948714024708063,1.2855689138232198,0.78,0.9825569980735249,1.1111089614449408,33060.03,6819.1100000000015,4812.106999999999,0.7056796268134695,0.2062644831235786,0.2065709157064594,0.1455566434755201,0.14586058559964885
Telecom (Wireless),16,1.0309737102652559,0.10003983838975619,0.6054936922693099,0.5192104768899954,0.058800000000000005,0.03830228311498215,0.0441,0.39450630773069006,0.07797121929156196,0.07797121929156203,0.7113584236080368,0.22537066585960733,3.1563931396962337,4.574569216152966,0.6515448678781984,0.6925521237766423,0.026437164736179304,0.572471775665538,0.5192104768899954,0.6945913812886989,0.7062658331251642,0.5969080740252654,0.39,0.6272301130782924,0.6063524887673518,2288.9,108.6,146.132,1.345598526703499,0.04744637161955524,,0.06384376774870025,0.06746006832240792
Telecom. Equipment,79,1.2331194872073334,0.11204729754011561,0.8954289265144029,0.4134875394830146,0.055,0.040571929767536014,0.04125,0.10457107348559713,0.10464394813646649,0.10464394813646649,1.1784895771242725,0.29012527652431824,4.0620024261329455,4.250300084087894,0.11678322018549975,1.1338118389771843,0.03791101679160369,0.5273300494301266,0.4134875394830146,0.13611769117236694,1.0228587017593667,0.8359786583228734,0.83,1.0568634798545709,0.9848380834122168,19138.631,3530.4329999999995,5291.667999999999,1.4988722346522365,0.184466328861244,0.2021516783010176,0.27649145855834717,0.3002517631677481
Telecom. Services,49,0.8822681652856597,0.09120672901796818,0.4593105948748909,0.5537169562159238,0.058800000000000005,0.06536808307836371,0.0441,0.5406894051251091,0.06573661972785325,0.06573661972785327,0.47390612503545576,0.20359195100362487,2.3277252499388745,4.333512012318951,1.177175991928478,0.46857326594137827,0.01125298621890258,0.5554026212509242,0.5537169562159238,0.22217299283269712,0.7408260327170008,0.6665842243194448,0.42,0.509153351164839,0.562093946647348,53415.458,11807.389999999998,4065.6269999999995,0.34432901767452423,0.22104818421663627,0.22427099385668578,0.07611330413005163,0.07737525967623955
Tobacco,15,2.0004565028386407,0.15762711626861525,0.8060914651485068,0.44059235658259677,0.055,0.09833050902520135,0.04125,0.19390853485149318,0.1350606001627262,0.13506060016272614,1.7442504521558875,0.23606369127405458,7.388897643436941,8.474223596360869,0.24055401059949102,1.6947053722747454,0.028404796925753654,0.6063488165394005,0.44059235658259677,0.07695213478107094,1.1252643536813445,1.426322641272642,0.61,0.8622490848413021,1.1536173063902353,19044.37,4802.087,5750.909,1.1975853415400428,0.2521525784260651,0.25514576825711865,0.30197423175458155,0.3036284677601758
Transportation,18,1.058265749430396,0.10166098551616552,0.7721402442316441,0.28046286808958065,0.055,0.16385816650202897,0.04125,0.22785975576835593,0.08789575311072637,0.08789575311072628,0.9245938189921151,0.3907409840131393,2.3662575896083227,2.7083561559409137,0.2951015148745407,0.8664890712658142,0.06284353900358093,0.4789286178644412,0.28046286808958065,0.2696335861105363,0.8992975404508528,0.9572701695111526,0.79,0.715814769679072,0.8573952597266384,23909.130000000005,5299.926,3449.639,0.6508843708383852,0.22166954631975314,0.2220668297533709,0.1442812431903628,0.14447865619615904
Transportation (Railroads),4,1.1078308621714459,0.10460515321298389,0.7846140009742735,0.1634126909210618,0.0473,0.16567959676788763,0.035475,0.21538599902572653,0.08971548610040381,0.08971548610040392,0.9323815338876874,0.6016040462732172,1.5498259023747463,1.8414617870909846,0.2745120514778946,0.9186877234479963,0.014686917256493601,0.22719138715983178,0.1634126909210618,0.11810856266876285,2.080151823033132,1.8919831806779572,0.74,0.647608223077268,1.258424952135209,18521,4128,3585.334,0.8685402131782946,0.2228821337940716,0.2250757113599721,0.19358209599913612,0.1952881389167284
Trucking,35,1.5451244708853058,0.13058039357058715,0.694861426253713,0.4117132456701876,0.055,0.14785932618179476,0.04125,0.30513857374628695,0.10332224468426371,0.10332224468426365,1.232855746839977,0.4073257848630111,3.0267068588712163,3.793338227789707,0.4391358653932136,1.1623141111058857,0.057218077552788967,0.4458153014104363,0.4117132456701876,1.5003843688997927,0.71085656044871,1.041066799245524,0.94,1.2784881792172302,1.0406534571502883,17324.358,4233.549999999999,2088.0719999999997,0.49322011078173167,0.24436980579597808,0.6648583774036557,0.12052810268640256,0.344050374619712
Utility (General),15,0.6351394196016483,0.07652728152433791,0.5741351972979103,0.1497076220101746,0.0473,0.1320304774832625,0.035475,0.4258648027020897,0.0590445597525051,0.05904455975250511,0.4094617819876518,0.44676683957308483,0.916499940727292,1.421635097646383,0.7417500350202615,0.4081053187471553,0.0033127957239668755,0.15608401947167233,0.1497076220101746,0.09361578447409787,0.1745698394445703,0.18968841681761509,0.48,0.5962187862572423,0.3699877649014159,17050,2838.76,1781.66,0.6276191012977497,0.16649618768328447,0.1622275659824047,0.10449618768328446,0.10449618768328446
Utility (Water),16,1.1524153536245123,0.10725347200529603,0.69736720782492,0.27961318235637356,0.055,0.08445430761407405,0.04125,0.30263279217508,0.08727865697908357,0.08727865697908355,0.8725208753424394,0.3385564263428947,2.5771800723662475,3.4039092569382507,0.433964758852066,0.8694366907467301,0.003534797484929879,0.3655131913452527,0.413732943885831,0.13746671306527883,0.32295708453677063,0.5653212571240506,0.57,0.6141799524382789,0.5889958338883079,2530.7000000000003,457.08,51.986999999999995,0.11373720136518771,0.18061405935116764,0.17326707298515948,0.020542537637807716,0.020817949559910617
Total Market,7165,1.1572702941885729,0.10754185547480123,0.6513725321334656,0.413732943885831,0.055,0.0751978380580143,0.04125,0.3486274678665344,0.08443069376044703,0.0844306937604471,0.884737434318496,0.28976425356000934,3.0533008245451834,3.9938338838227523,0.5352197869392211,0.8257870981441647,0.06663031752436263,0.4832448489852054,0.413732943885831,0.1900788202618873,0.8020173970839132,0.8294537733223437,0.75,0.9093805676301691,0.8351178344709844,2669470.333999996,502642.37100000016,506550.8159999995,1.0077757969194352,0.18829292260642178,0.20741830833399266,0.18975705013397623,0.21892902424265995
Total Market (without financials),5649,1.292817025743946,0.11559333132919039,0.7911463267749872,0.47976813197581314,0.055,0.06384678049524473,0.04125,0.2088536732250128,0.1000664535013048,0.10006645350130472,1.1212181402625263,0.30136070766717726,3.7205186732598183,4.289932273359714,0.2639886783983181,1.0791537471248789,0.037516689774389836,0.5575213805701925,0.47976813197581314,0.18503610455341124,0.9985589472694634,1.0124816766890556,0.86,1.0402068170288452,1.006493116249978,2156739.845999996,403063.32600000006,405006.8989999995,1.0048220040738696,0.18688546360727865,0.20988714636026007,0.18778662607413998,0.22161769768424666
